Date,Adj Close,Close,High,Low,Open,Volume
,,,,,,
,,,,,,
4/10/2017,223.0371094,243.5725555,247.9891815,233.047821,234.9272308,6770
4/11/2017,224.7150421,245.4049835,248.0831604,238.2631989,245.217041,2341
4/12/2017,221.2300873,241.5991669,258.7488708,228.8191223,249.0228729,6795
4/13/2017,214.9485626,234.7392883,246.2037354,233.2827454,246.2037354,2823
4/17/2017,215.2067108,235.0212097,244.2773438,233.9875183,235.8199615,3233
4/18/2017,211.2915039,230.7455292,239.6257782,230.2286835,235.0212097,2934
4/19/2017,210.3019562,229.6648712,243.384613,226.2819061,243.384613,3720
4/20/2017,214.7334442,234.504364,242.1629944,231.168396,242.1629944,2655
4/21/2017,216.0671844,235.960907,239.6257782,231.6852417,234.9272308,2368
4/24/2017,224.1557312,244.7941742,249.0228729,234.9272308,238.6390839,4790
4/25/2017,223.2092133,243.760498,257.4802551,243.384613,257.4802551,10677
4/26/2017,218.0032654,238.0752563,253.7214203,237.1825409,253.7214203,5192
4/27/2017,217.7021332,237.7463684,241.8810883,235.8669434,236.8066559,1479
4/28/2017,214.776474,234.5513458,240.5185089,231.168396,234.9272308,3480
5/2/2017,214.6473999,234.4104004,240.3775482,227.6444855,240.3775482,3744
5/3/2017,209.9577637,229.2889862,234.9272308,222.9459381,228.3492737,6432
5/4/2017,213.5287781,233.1887665,237.1825409,225.624115,225.624115,3762
5/5/2017,208.7100677,227.9264069,235.8669434,220.831604,235.8669434,2386
5/8/2017,208.9682159,228.208313,234.9272308,220.9255676,220.9255676,1477
5/9/2017,209.9577637,229.2889862,233.000824,224.6374207,225.5301514,1007
5/10/2017,209.1403046,228.3962555,232.1081085,225.624115,232.0611267,3679
5/11/2017,206.3007202,225.2952118,233.9405365,222.7580109,233.9405365,1628
5/12/2017,206.042572,225.0133057,228.0203705,220.831604,221.1135101,2444
5/15/2017,205.655365,224.5904388,229.2419891,221.7713165,225.0602875,3205
5/16/2017,206.2577057,225.24823,230.2286835,222.9459381,230.2286835,3869
5/17/2017,207.7635345,226.8927155,228.7251587,225.5301514,228.3022919,2018
5/18/2017,204.7948761,223.6507263,230.1817017,221.3014526,230.1817017,1484
5/19/2017,206.1716614,225.1542664,230.2286835,216.1330566,221.8182983,6188
5/22/2017,203.0738983,221.7713165,226.4698486,216.3209991,222.7110138,3646
5/23/2017,199.2017517,217.5426178,227.4095612,215.1933441,221.8182983,6048
5/24/2017,193.0493011,210.8237,215.663208,206.9708862,212.3742218,5587
5/25/2017,201.912262,220.5027008,230.1817017,200.1580048,207.2058258,9220
5/26/2017,205.053009,223.9326324,229.2419891,219.0461578,222.7110138,4704
5/29/2017,197.8249664,216.0390778,229.2889862,215.0054016,229.1950073,8954
5/30/2017,196.1470032,214.2066498,215.663208,212.3742218,215.663208,2102
5/31/2017,192.2748566,209.9779663,220.7846222,207.2058258,214.2066498,5229
6/1/2017,191.1992645,208.8033295,217.0257721,205.7962494,209.6020813,4387
6/2/2017,190.8980865,208.4744263,212.7970886,201.7085266,212.7970886,12362
6/5/2017,193.6516266,211.4814911,214.0187073,206.7359619,206.782959,3193
6/6/2017,189.3922272,206.8299408,216.0860748,205.7962494,211.4345093,2349
6/7/2017,190.6829681,208.239502,211.3875275,203.9168396,207.6756744,4141
6/8/2017,193.2644043,211.0586243,214.2066498,207.7696533,214.2066498,2548
6/9/2017,191.500412,209.1322174,218.9051971,207.6756744,218.9051971,3278
6/12/2017,189.7794342,207.2528076,221.7713165,207.0648651,221.7713165,836
6/13/2017,196.6632996,214.7704773,225.9060364,210.4947968,210.4947968,5005
6/14/2017,197.0075073,215.1463623,218.4823303,212.5151825,214.6295166,981
6/15/2017,202.299469,220.9255676,223.3688202,214.2536316,217.0257721,4296
6/16/2017,201.7401428,220.3147583,223.9326324,218.0124664,223.9326324,1528
6/19/2017,201.7401428,220.3147583,226.2819061,216.1800385,225.3891907,3500
6/20/2017,201.9983063,220.5966797,224.543457,216.1330566,224.543457,1849
6/21/2017,198.1691589,216.4149628,223.039917,215.1933441,223.039917,3783
6/22/2017,198.8145142,217.119751,223.6507263,214.7234955,223.6507263,1389
6/23/2017,191.80159,209.4611206,223.6507263,207.2997894,223.6507263,3799
6/27/2017,189.177124,206.5950165,211.3875275,204.8565521,209.5550995,1545
6/28/2017,186.8968353,204.1047821,209.5081024,199.3592529,199.4062347,1118
6/29/2017,189.6503754,207.1118469,211.3875275,204.9974976,211.3875275,1595
6/30/2017,188.2305756,205.5613251,206.7359619,204.8565521,206.6889801,2311
7/3/2017,194.856308,212.7970886,216.1330566,205.8432465,205.8432465,5110
7/4/2017,191.1992645,208.8033295,218.952179,207.7226563,212.32724,2598
7/5/2017,192.8772125,210.6357574,214.5825348,202.9771271,214.5825348,4162
7/6/2017,200.664566,219.1401215,219.8918915,210.3068542,213.1259918,2167
7/7/2017,202.9018097,221.583374,240.5654907,219.328064,221.7243195,18569
7/10/2017,201.0948181,219.6099854,225.5301514,218.0124664,221.6773376,419
7/11/2017,196.7063293,214.8174591,220.8785858,211.57547,220.8785858,7869
7/12/2017,196.7493591,214.8644562,220.7846222,213.5018768,219.1871033,2420
7/13/2017,195.7598267,213.783783,221.4893951,208.7093506,215.2403259,3426
7/14/2017,194.9853668,212.9380493,218.4823303,211.0586243,211.0586243,2827
7/17/2017,198.6854553,216.9787903,220.6436615,212.6091461,216.8848267,3290
7/18/2017,197.6528778,215.8511505,217.0727692,210.6827393,210.6827393,1749
7/19/2017,199.6750031,218.0594635,220.5966797,216.2270203,220.3617401,940
7/20/2017,198.212204,216.4619598,218.1534271,215.1933441,216.2270203,898
7/21/2017,196.4481964,214.535553,217.0257721,212.4681854,214.7234955,1838
7/24/2017,196.6203003,214.7234955,215.8981323,212.4681854,215.1933441,868
7/25/2017,194.3830261,212.2802429,215.1933441,209.5550995,215.1463623,2727
7/26/2017,196.2330933,214.3006287,216.0390778,210.9646606,215.1463623,1121
7/27/2017,195.3295746,213.3139343,216.1330566,210.4947968,215.9451141,3309
7/28/2017,191.4573975,209.0852356,214.2536316,206.407074,214.2536316,2978
7/31/2017,193.2644043,211.0586243,214.2066498,207.4407501,212.32724,2247
8/1/2017,192.7481079,210.4947968,213.1729736,208.1455231,208.1455231,5162
8/2/2017,195.7598267,213.783783,222.7110138,205.7962494,222.7110138,3536
8/3/2017,195.2005005,213.1729736,214.2066498,209.3201599,212.3742218,2276
8/4/2017,194.1679077,212.0453186,214.2066498,210.0249481,211.5284882,1013
8/7/2017,197.0505371,215.1933441,218.3883514,214.2536316,215.0993805,2013
8/8/2017,193.1353302,210.9176636,214.4415741,207.6756744,210.4947968,1816
8/9/2017,186.9828796,204.1987457,209.367157,203.446991,209.367157,4625
8/10/2017,173.7314453,189.7272339,202.9771271,183.7600861,194.9896088,8064
8/11/2017,172.1395569,187.9887695,190.76091,179.4844055,185.592514,4441
8/14/2017,177.7326813,194.0968781,200.1110229,187.049057,195.2715149,2400
8/16/2017,177.9047852,194.2848206,199.0303497,193.5800476,195.5534363,1891
8/17/2017,180.4862213,197.1039429,197.2918854,192.9222412,196.0702667,468
8/18/2017,176.398941,192.6403351,196.7750549,186.2973022,193.5800476,2516
8/21/2017,178.4210968,194.8486481,199.1713104,190.8079071,190.8079071,2379
8/22/2017,177.5605927,193.9089355,199.6881561,191.2307739,199.6881561,2519
8/23/2017,178.1629486,194.5667419,196.3521881,190.1031189,190.1031189,1175
8/24/2017,185.1758728,202.2253571,205.7492676,193.5800476,195.4594574,2805
8/28/2017,203.3750763,222.1002045,224.3555145,200.2049866,207.6756744,7162
8/29/2017,206.730957,225.7650757,229.2419891,213.3609161,221.7713165,7788
8/30/2017,248.0771637,270.9180908,270.9180908,226,226,275717
8/31/2017,242.6372223,264.058197,278.9056091,259.3596802,275.2877197,155888
9/1/2017,228.3035126,248.4590454,267.8170471,243.5725555,264.058197,34392
9/4/2017,220.2731934,239.7197571,255.6008301,236.1488495,254.6141357,26908
9/5/2017,218.6757507,237.9812927,249.0228729,235.8669434,242.4449005,14649
9/6/2017,212.8040771,231.5912628,240.0956268,229.2889862,240.0956268,14947
9/7/2017,210.9476013,229.5708923,234.9272308,226.5168457,234.9272308,9942
9/8/2017,219.9277954,239.3438721,247.9891815,222.1471863,228.4432373,28477
9/11/2017,226.5765533,246.5796204,250.9022827,235.256134,235.256134,10263
9/12/2017,226.9651184,247.0024872,250.7143402,244.2773438,247.1434479,9664
9/13/2017,219.0643005,238.4041595,248.553009,235.256134,247.8952179,10740
9/14/2017,218.589386,237.8873138,246.1097717,236.9006195,239.6257782,3451
9/15/2017,221.0503082,240.5654907,243.8074799,237.7463684,238.0752563,4865
9/18/2017,223.8997955,243.6665344,246.2037354,241.7871094,244.3243256,1946
9/19/2017,226.8355865,246.8615417,251.8419952,238.0282745,242.4449005,8411
9/20/2017,225.4540253,245.3580017,248.9758759,244.7941742,246.2507324,2708
9/21/2017,221.3525085,240.8943787,248.0361786,240.5654907,245.3110199,9876
9/22/2017,218.3735046,237.6523895,242.3979187,235.0212097,239.7197571,12087
9/25/2017,209.350174,227.832428,238.4981232,221.8652802,238.4981232,14039
9/26/2017,207.2346802,225.5301514,233.047821,216.6029053,227.832428,8941
9/27/2017,202.1833191,220.0328522,232.5779572,218.0124664,223.791687,10775
9/28/2017,207.7095642,226.0469818,229.8997955,220.831604,220.9255676,3907
9/29/2017,209.7819214,228.3022919,231.8262024,225.5301514,228.3492737,666
10/3/2017,207.3641663,225.6710968,233.047821,225.5301514,228.3022919,3012
10/4/2017,217.2509918,236.4307709,251.5600891,225.7650757,227.8794098,7029
10/5/2017,219.6687317,239.0619507,241.7401276,233.9875183,234.9272308,1514
10/6/2017,224.158844,243.9484406,252.2178802,235.8199615,241.3172607,10328
10/9/2017,220.3595276,239.8137207,244.2303467,236.9476166,242.4918976,4663
10/10/2017,219.8414154,239.2498932,243.9014587,236.9476166,238.7330627,6665
10/11/2017,212.0269623,230.7455292,239.6257782,226.9866943,237.7463684,6730
10/12/2017,213.3653412,232.2020721,238.216217,229.8527985,231.168396,1545
10/13/2017,209.2638397,227.7384644,237.6054077,226.4698486,233.047821,7218
10/16/2017,212.199646,230.9334717,234.7862854,227.456543,230.2286835,4524
10/17/2017,211.4656982,230.1347198,231.1214142,227.7854462,229.2889862,2678
10/18/2017,208.7889252,227.2216187,234.9272308,225.5301514,230.2286835,2477
10/19/2017,210.5590515,229.1480255,235.8669434,227.4095612,232.9538422,4595
10/23/2017,214.2288208,233.1417847,242.1629944,229.1480255,229.1480255,7279
10/24/2017,225.7562714,245.6869049,248.5060272,231.168396,231.168396,7511
10/25/2017,240.7375946,261.9908447,265.7496948,245.7808685,247.8952179,40019
10/26/2017,232.275528,252.7817078,269.6964722,250.9492645,261.2390747,27852
10/27/2017,231.4120331,251.8419952,260.7692261,245.4049835,253.4394989,21293
10/30/2017,238.3198853,259.3596802,263.0245361,251.3721466,252.7817078,11775
10/31/2017,236.7224426,257.6212158,264.9979248,251.6070709,258.4669495,4803
11/1/2017,233.311676,253.9093475,262.6486511,252.8286896,257.0104065,3547
11/2/2017,229.8577728,250.1505127,262.1788025,246.4386749,262.1788025,6063
11/3/2017,231.7574158,252.2178802,262.0848083,245.7338867,245.7338867,11194
11/6/2017,230.8076172,251.1842041,257.4802551,249.0228729,249.0228729,8303
11/7/2017,227.828598,247.9421997,255.5068665,246.4386749,254.5201721,3600
11/8/2017,224.1156464,243.9014587,252.734726,241.8340912,246.344696,1228
11/9/2017,215.2649994,234.2694397,247.4723511,225.624115,247.4723511,14838
11/10/2017,211.1634827,229.8058167,235.8199615,218.9991608,229.4299316,28118
11/13/2017,212.76091,231.544281,232.0141296,223.6977081,225.5301514,2536
11/14/2017,209.5228729,228.0203705,235.3970947,222.9459381,225.8590393,3568
11/15/2017,203.4353638,221.3954315,225.5301514,216.1330566,225.5301514,5376
11/16/2017,208.4867096,226.8927155,229.2889862,221.3014526,222.7110138,3846
11/17/2017,209.1343231,227.5975037,231.168396,221.8652802,226.4698486,5178
11/20/2017,208.6162109,227.0336761,232.4370117,220.831604,227.4095612,2609
11/21/2017,204.816925,222.8989563,232.7658997,222.7110138,232.5779572,3992
11/22/2017,203.3490143,221.3014526,231.1214142,219.8918915,231.1214142,3337
11/23/2017,203.0467682,220.9725494,225.5301514,219.1401215,225.5301514,4184
11/24/2017,206.4575348,224.6844025,225.5771332,218.0124664,219.1871033,11778
11/27/2017,208.2708435,226.6577911,230.1817017,222.6170502,223.6037445,4762
11/28/2017,207.1914825,225.4831543,232.0141296,222.7580109,227.4095612,4522
11/29/2017,203.8239288,221.8182983,231.1214142,220.831604,231.0274353,5249
11/30/2017,204.0829773,222.1002045,225.4361725,218.1064453,220.831604,2206
12/1/2017,204.8600922,222.9459381,229.1950073,221.7713165,223.3688202,4835
12/4/2017,206.1121216,224.3085175,227.9264069,223.2278595,227.9264069,6635
12/5/2017,202.2264862,220.079834,221.912262,214.2536316,220.4087372,5447
12/6/2017,199.5065308,217.119751,224.5904388,216.0390778,218.952179,5728
12/7/2017,199.679245,217.3076935,219.7979279,216.1330566,218.0124664,2878
12/8/2017,199.1179657,216.6968842,220.9255676,216.1800385,220.9255676,7804
12/11/2017,204.3851776,222.4291077,224.5904388,219.9388733,224.5904388,2136
12/12/2017,201.406189,219.1871033,223.5567627,216.6968842,219.8918915,1282
12/13/2017,201.5788727,219.3750458,225.5301514,215.287323,220.7846222,3274
12/14/2017,197.7364044,215.1933441,217.6835785,214.8174591,217.6835785,1627
12/15/2017,198.3840027,215.8981323,219.8918915,214.2536316,214.3476105,3163
12/18/2017,200.1541443,217.8245392,222.1941833,214.7234955,215.8981323,1764
12/19/2017,204.6442261,222.7110138,224.543457,215.3343048,215.663208,1884
12/20/2017,208.7889252,227.2216187,228.0203705,219.8918915,222.7110138,4993
12/21/2017,207.7527466,226.0939636,231.9671478,223.2748413,228.3492737,2509
12/22/2017,205.1623077,223.2748413,226.4698486,221.8182983,226.4698486,4122
12/26/2017,204.9032593,222.9929352,225.1072693,220.9725494,221.3484344,1983
12/27/2017,204.255661,222.288147,230.040741,221.0665283,223.6977081,5226
12/28/2017,205.0759583,223.1808777,229.2889862,220.831604,229.2889862,6771
12/29/2017,207.62323,225.9530182,228.3022919,223.0868988,227.8794098,6503
1/1/2018,205.7235718,223.8856506,230.1347198,221.0195465,226.8457336,4132
1/2/2018,202.9172668,220.831604,225.6710968,218.623291,225.5301514,1845
1/3/2018,205.6372375,223.791687,225.2952118,220.3617401,220.831604,2513
1/4/2018,214.5310669,233.4706879,236.8066559,222.7580109,224.5904388,11573
1/5/2018,230.2463684,250.5733948,253.7214203,231.168396,237.7463684,43146
1/8/2018,225.3245239,245.217041,257.4802551,244.4182892,254.6611176,16071
1/9/2018,220.6185608,240.0956268,247.1434479,236.8536377,246.8145599,7271
1/10/2018,218.416687,237.6993713,248.0831604,235.0212097,241.7401276,11412
1/11/2018,219.15065,238.4981232,241.5052032,237.7463684,238.1222382,5970
1/12/2018,219.0211334,238.3571777,245.1230774,234.9272308,245.1230774,7164
1/15/2018,215.95578,235.0212097,238.5451202,233.752594,237.2765045,9204
1/16/2018,216.689743,235.8199615,251.8419952,228.6781769,239.6257782,13802
1/17/2018,216.2148285,235.3031158,236.8066559,231.168396,236.8066559,3145
1/18/2018,210.2568207,228.8191223,239.4378357,228.3492737,236.2428284,2936
1/19/2018,214.1424866,233.047821,234.9272308,224.0266113,224.0266113,5796
1/22/2018,209.2206726,227.6914825,238.4041595,225.8120575,238.4041595,6427
1/23/2018,209.7819214,228.3022919,234.3634033,225.9060364,234.3634033,4729
1/24/2018,205.4213562,223.5567627,231.0744324,222.0532227,226.4228668,2675
1/25/2018,207.8390961,226.1879425,229.2889862,222.664032,225.5301514,2545
1/29/2018,200.7585754,218.4823303,229.0540466,216.1330566,229.0540466,7359
1/30/2018,197.5205231,214.9584198,223.6507263,213.3139343,223.6507263,3295
1/31/2018,194.5847015,211.7634125,220.5966797,211.4814911,211.4814911,6021
2/1/2018,196.0526123,213.3609161,229.2419891,211.4814911,211.4814911,9133
2/2/2018,181.8915863,197.9496918,214.6295166,180.048233,211.9043579,22422
2/5/2018,177.0992889,192.7342987,210.4008331,186.0623627,186.0623627,10443
2/6/2018,178.0059357,193.720993,196.2582092,183.3372192,187.3779602,8530
2/7/2018,180.2078094,196.1172485,202.0374146,189.3513489,202.0374146,3861
2/8/2018,181.8052368,197.8557129,201.0507202,194.5197449,201.0507202,8035
2/9/2018,182.8845825,199.0303497,206.5010376,192.6403351,192.6403351,5027
2/12/2018,187.1156311,203.6349335,208.0515594,198.4195404,208.0515594,6034
2/14/2018,176.0199432,191.5596619,197.3388824,188.9754639,197.3388824,25291
2/15/2018,174.3793335,189.7742157,195.4594574,188.9284821,192.6403351,10669
2/16/2018,167.2124786,181.9746399,200.6278534,178.544693,197.3388824,8182
2/19/2018,169.37117,184.3239136,193.5330505,180.9879456,189.2573853,4254
2/20/2018,166.7375488,181.4577942,186.4852448,180.0012512,181.7866974,2719
2/21/2018,164.0607605,178.544693,185.6394958,176.6652832,185.6394958,5301
2/22/2018,165.3128204,179.9072723,182.7733917,178.544693,182.256546,7240
2/23/2018,166.3058167,180.9879456,183.6191254,177.6989594,183.2432404,5213
2/26/2018,168.3349915,183.1962585,186.0623627,180.8000031,184.6058197,8770
2/27/2018,167.2988129,182.0686035,185.4985504,180.8939667,182.5854492,8609
2/28/2018,167.2988129,182.0686035,184.1359711,178.920578,184.1359711,7378
3/1/2018,166.5648651,181.2698517,184.1829529,180.5180817,181.4108124,2592
3/5/2018,163.5858612,178.0278625,183.2432404,175.8665314,183.2432404,2513
3/6/2018,157.0666046,170.9330597,181.3638306,167.2681885,179.4844055,6133
3/7/2018,156.2462921,170.040329,176.0544739,167.2681885,169.1476135,2887
3/8/2018,153.2241364,166.751358,171.0270233,161.8648682,171.0270233,6038
3/9/2018,153.6127014,167.1742249,173.7991638,165.3887787,173.2823334,3650
3/12/2018,153.7854004,167.3621674,169.7584229,167.0332642,169.7584229,1698
3/13/2018,159.5274963,173.6112213,174.7858582,169.1006165,171.8727722,4825
3/14/2018,156.9802551,170.8390808,173.6112213,169.6174622,169.6174622,1815
3/15/2018,161.858902,176.1484375,176.33638,169.664444,170.6511383,5295
3/16/2018,160.3046722,174.4569702,175.1147614,171.0270233,172.4365845,2598
3/19/2018,155.2101135,168.912674,172.8594666,164.4490662,171.2149658,3173
3/20/2018,152.9651031,166.4694366,172.9064484,165.7646484,169.0536346,1200
3/21/2018,156.764389,170.6041565,171.9667358,168.207901,169.4765015,1399
3/22/2018,155.6850433,169.4295197,174.2220306,165.5767212,170.1812897,2843
3/23/2018,148.6476746,161.7708893,167.2681885,155.0519714,164.4490662,10572
3/26/2018,147.2229462,160.2203674,174.5979156,158.1530151,162.8515625,4795
3/27/2018,152.7060547,166.1875305,170.040329,164.4490662,164.4490662,4443
3/28/2018,148.9067383,162.0528107,170.0873108,159.7505188,162.8515625,7407
4/2/2018,161.858902,176.1484375,186.0623627,164.3550873,164.3550873,10861
4/3/2018,161.0386047,175.255722,182.6794128,170.4631958,171.0740051,1866
4/4/2018,160.6068726,174.7858582,182.1625824,174.7858582,181.6927185,3807
4/5/2018,170.5800171,185.6394958,209.743042,172.3896027,175.1617432,26370
4/6/2018,170.0619354,185.0756683,187.8948059,180.8000031,187.8948059,3768
4/9/2018,174.6815491,190.1031189,201.9434509,181.0349274,181.0349274,6697
4/10/2018,173.9475861,189.3043671,199.2182922,186.0153809,195.4594574,4190
4/11/2018,175.8472443,191.3717194,202.9771271,186.5322266,189.9621582,7875
4/12/2018,175.5018616,190.9958496,192.969223,187.9417877,189.9151764,2273
4/13/2018,173.6022034,188.9284821,197.3388824,187.9887695,187.9887695,1706
4/16/2018,174.5520325,189.9621582,193.0162201,187.9417877,188.0357513,1060
4/17/2018,176.1062927,191.6536407,196.3991699,182.3975067,183.2432404,1736
4/18/2018,173.5590363,188.8815002,193.5800476,188.4116364,189.9621582,1769
4/19/2018,173.386322,188.6935577,192.5933533,187.9417877,189.3043671,2525
4/20/2018,172.7387238,187.9887695,195.4594574,187.0020752,191.9355469,6555
4/23/2018,171.832077,187.0020752,189.8211975,182.7733917,186.1563416,1269
4/24/2018,172.3933411,187.6128845,190.7139282,186.2973022,186.2973022,977
4/25/2018,172.6955414,187.9417877,187.9887695,183.7131042,183.7600861,1619
4/26/2018,165.7013702,180.3301392,187.7538452,179.5313873,183.384201,3587
4/27/2018,166.1762848,180.8469849,184.1829529,179.5783844,183.2432404,973
4/30/2018,163.5858612,178.0278625,185.592514,176.712265,181.3638306,5879
5/2/2018,163.7153625,178.168808,186.0623627,175.255722,185.1226654,410
5/3/2018,162.9382477,177.3230743,181.4577942,174.0810852,179.4844055,1270
5/4/2018,164.1902924,178.6856537,182.256546,175.7255707,177.6049957,2277
5/7/2018,170.9685822,186.0623627,188.6935577,176.6652832,180.424118,6874
5/8/2018,172.9977875,188.2706909,194.0498962,185.1226654,185.1226654,7053
5/9/2018,174.8542328,190.2910614,191.9825287,183.2432404,183.2432404,1411
5/10/2018,168.4213409,183.2902222,187.9417877,182.3035278,187.9417877,1412
5/11/2018,165.0969543,179.672348,196.8690186,178.544693,187.8478241,5024
5/14/2018,162.5496979,176.9002075,182.2095642,174.8328552,178.544693,3163
5/15/2018,158.8367462,172.8594666,183.9480286,170.416214,177.08815,1846
5/16/2018,158.7503815,172.7654877,187.0020752,169.1476135,169.1476135,1848
5/17/2018,164.8810883,179.4374237,187.0020752,172.2016602,173.5642395,1149
5/18/2018,160.6500397,174.8328552,184.8877258,174.7858582,174.9738007,775
5/21/2018,156.8075562,170.6511383,178.4977112,164.9189148,171.0740051,2542
5/22/2018,157.2824707,171.167984,180.6590424,169.4295197,170.6511383,1297
5/23/2018,160.5636749,174.7388763,178.4977112,169.1476135,169.2415771,1816
5/24/2018,155.9872437,169.7584229,173.2823334,168.1609192,169.6174622,1229
5/25/2018,152.7060547,166.1875305,174.1750488,165.7176666,174.1750488,783
5/28/2018,152.5765076,166.0465698,171.3559265,161.91185,166.4224548,3631
5/29/2018,149.9429016,163.1804504,168.583786,161.0191193,161.0661163,2660
5/30/2018,152.0584412,165.4827423,166.2345123,160.8781738,160.9251556,463
5/31/2018,152.7923889,166.2814941,169.9933472,162.8515625,162.8515625,229
6/1/2018,148.3886566,161.4889832,164.496048,159.7505188,163.5563354,2472
6/4/2018,140.7468719,153.1725616,161.0661163,150.3534241,159.8444824,4319
6/5/2018,138.9335785,151.199173,155.5218353,142.8827515,150.447403,1718
6/6/2018,149.8565674,163.0864868,170.040329,150.3534241,150.7763062,4333
6/7/2018,146.8343811,159.7975006,163.5093536,158.3409576,158.4819183,1451
6/8/2018,149.6838531,162.8985443,168.6777496,159.1866913,166.2345123,5087
6/11/2018,154.0444183,167.6440735,173.752182,156.9313965,162.8985443,1519
6/12/2018,151.8425751,165.247818,172.624527,164.496048,172.624527,2375
6/13/2018,151.3676453,164.7309723,167.5501099,163.5093536,163.5093536,1022
6/14/2018,147.5251617,160.5492706,166.6573792,157.8241119,166.6103973,2134
6/15/2018,145.1937866,158.0120544,163.0864868,157.1663208,157.8710938,1503
6/18/2018,146.4026489,159.327652,161.535965,156.6494751,161.535965,560
6/19/2018,141.9989319,154.535141,164.3081055,153.6424103,159.1866913,4881
6/20/2018,145.236969,158.0590363,160.6902313,153.783371,153.783371,400
6/21/2018,143.0782623,155.7097778,160.0324249,152.2798309,153.1725616,1924
6/22/2018,135.6955414,147.6752625,154.8170471,146.7825317,153.2195435,7207
6/25/2018,130.1260986,141.6141357,156.2266083,140.0166321,153.5484467,4956
6/26/2018,136.9907532,149.0848236,150.1654816,139.2648621,142.7887726,5468
6/27/2018,126.1540985,137.2914734,153.9243164,130.9954224,153.9243164,12779
6/28/2018,122.0093994,132.7808685,145.654892,131.5592499,132.5459442,3544
6/29/2018,132.1120911,143.7754669,145.654892,136.2108154,136.2108154,3939
7/2/2018,133.7958679,145.6078949,148.8498993,137.6673584,141.8960419,6394
7/3/2018,129.7807007,141.2382507,144.7151794,139.5467834,144.7151794,1645
7/4/2018,129.7807007,141.2382507,146.5945892,135.553009,146.4066467,2589
7/5/2018,129.9102325,141.3792114,147.5343018,141.0503082,142.6008301,936
7/6/2018,131.5076599,143.1176758,145.0910645,140.9563446,140.9563446,788
7/9/2018,135.1342773,147.0644531,152.0918884,143.1646576,148.1920929,3310
7/10/2018,136.213623,148.23909,150.447403,147.0174561,150.2124786,1662
7/11/2018,134.918396,146.8295135,149.3197479,146.1717224,148.4270325,725
7/12/2018,133.5368347,145.3259888,152.5147552,144.2923126,148.4740143,1474
7/13/2018,133.7527161,145.5609131,152.7026978,143.7754669,143.7754669,1030
7/16/2018,129.5216675,140.9563446,151.9509277,140.9563446,151.3871155,221
7/17/2018,128.0105743,139.3118439,146.0307617,138.6540527,140.9563446,1639
7/18/2018,128.0105743,139.3118439,143.6815033,139.1239014,143.6815033,1511
7/19/2018,124.7293472,135.7409515,140.3455353,134.8482361,137.5733948,3399
7/20/2018,124.9452133,135.9758759,138.137207,130.384613,135.7409515,1436
7/23/2018,125.333786,136.3987579,140.9093475,132.4989624,136.1638184,1197
7/24/2018,131.3781281,142.9767151,145.7958374,140.9563446,140.9563446,3743
7/25/2018,131.723526,143.3526001,148.4740143,142.1309814,146.1247406,1295
7/26/2018,133.0619202,144.8091431,146.4066467,140.9563446,140.9563446,1262
7/27/2018,132.5006409,144.1983337,147.4873199,141.8960419,143.4465637,1831
7/30/2018,136.4726715,148.5209961,152.1858673,142.9297333,142.9767151,2564
7/31/2018,133.1482544,144.9031219,150.2124786,141.8960419,145.654892,2532
8/1/2018,128.8740387,140.2515564,146.0307617,137.1975098,146.0307617,4195
8/2/2018,130.3851318,141.8960419,142.6478119,137.1975098,139.1239014,2168
8/3/2018,133.1482544,144.9031219,145.654892,142.0839844,142.6478119,5800
8/6/2018,129.1331024,140.5334778,148.4270325,139.5467834,145.7018738,2539
8/7/2018,131.6803589,143.3056183,144.5272369,140.0636139,144.3862762,964
8/8/2018,130.0397644,141.5201721,143.4935608,140.4864807,143.3056183,3297
8/9/2018,127.5788422,138.8419952,143.7754669,131.5592499,141.8960419,3376
8/10/2018,123.8658905,134.8012543,141.3322296,132.8278656,138.3251495,9854
8/13/2018,129.0899353,140.4864807,142.8357544,134.0024872,134.0024872,8639
8/14/2018,125.6360092,136.7276459,137.3384552,127.800415,133.0627899,8216
8/16/2018,125.376976,136.4457397,137.4324341,133.4386749,136.7276459,9397
8/17/2018,130.1260986,141.6141357,143.6815033,138.6540527,141.8020782,2359
8/20/2018,125.8087006,136.9155884,140.9563446,135.4120636,140.9563446,6344
8/21/2018,136.0409546,148.0511475,156.9313965,140.0166321,142.3659058,15381
8/23/2018,131.7667084,143.3995819,153.6424103,141.9900208,153.6424103,4758
8/24/2018,133.4504852,145.2320099,145.654892,141.8960419,141.8960419,917
8/27/2018,132.1120911,143.7754669,145.5609131,143.2116394,145.5139313,1634
8/28/2018,129.7375488,141.1912689,143.7754669,139.6877289,143.7754669,750
8/29/2018,133.0187531,144.7621613,145.5609131,141.4261932,141.4261932,1355
8/30/2018,132.2313995,142.0370026,146.6885681,140.9563446,140.9563446,2072
8/31/2018,136.6930542,146.8295135,148.4270325,138.6070709,145.5609131,2300
9/3/2018,131.3128204,141.0503082,147.5343018,140.1105957,147.5343018,17522
9/4/2018,128.9507599,138.513092,141.9430389,138.2781677,140.9563446,2392
9/5/2018,131.4877625,141.2382507,143.0706787,134.3783722,140.0166321,3106
9/6/2018,128.7757874,138.3251495,140.7684021,137.8553009,139.0769196,683
9/7/2018,128.3821106,137.9022827,141.7081146,134.8952179,134.8952179,2238
9/10/2018,131.1815796,140.9093475,142.4598694,135.4120636,136.2577972,1510
9/11/2018,127.157341,136.5867004,141.8020782,134.7542572,136.7276459,1032
9/12/2018,129.7818451,139.4058228,140.7684021,133.4856567,136.1638184,1183
9/14/2018,131.2690887,141.0033264,142.318924,137.1975098,142.318924,780
9/17/2018,131.2253265,140.9563446,142.8357544,136.3987579,141.0033264,1276
9/18/2018,125.6263885,134.9421997,140.9563446,134.5193329,139.0769196,636
9/19/2018,127.8572006,137.3384552,140.3925171,134.7542572,140.0166321,966
9/21/2018,126.5886993,135.9758759,145.5609131,129.6798401,134.5193329,1602
9/24/2018,117.2717133,125.9679794,133.4386749,119.296051,133.4386749,7089
9/25/2018,117.9278336,126.6727676,129.5858612,122.1621628,122.5380478,4829
9/26/2018,118.277771,127.048645,133.344696,125.9209976,131.5592499,661
9/27/2018,118.9338913,127.7534332,132.8748474,122.7259903,131.5592499,6285
9/28/2018,111.0166321,119.2490616,130.4315948,118.8731766,127.800415,2128
10/1/2018,106.2925262,114.1746368,119.3430328,112.8120575,119.3430328,8351
10/3/2018,105.68013,113.5168381,117.4636154,110.9326401,117.4636154,2766
10/4/2018,103.5367889,111.2145538,116.3829498,109.1941757,116.3829498,3513
10/5/2018,101.5684128,109.1002045,118.8731766,108.1604996,113.0939713,4018
10/8/2018,95.40081787,102.4752579,116.5239105,98.66944122,116.5239105,6711
10/9/2018,99.68751526,107.079834,107.1268158,102.4282761,103.367981,2020
10/10/2018,100.2561569,107.6906433,112.2952194,101.9584198,101.9584198,1747
10/11/2018,98.33151245,105.6232834,109.4760895,100.1259842,103.367981,2623
10/12/2018,99.77498627,107.1738052,108.7243271,105.9051971,108.7243271,836
10/15/2018,100.5186081,107.9725571,109.0062332,100.7368011,107.8785858,6469
10/16/2018,106.3362579,114.2216187,123.8536377,108.0665283,108.0665283,10275
10/17/2018,106.0300674,113.8927231,121.5983353,113.7047806,115.0673599,1582
10/19/2018,102.399498,109.9929276,116.335968,108.0665283,113.7047806,137
10/22/2018,103.361824,111.0266113,115.0203705,108.5363846,108.5833664,470
10/23/2018,100.6060867,108.0665283,114.3155899,107.5966721,109.0532227,2737
10/24/2018,97.01926422,104.2137222,112.6711044,102.4282761,108.4424133,6643
10/25/2018,97.23796844,104.4486465,110.6037445,102.4752579,107.455719,4207
10/26/2018,100.1686707,107.5966721,109.8519745,105.3413696,107.7846146,504
10/29/2018,103.2743454,110.9326401,114.6444931,104.495636,114.6444931,636
10/30/2018,103.8867264,111.5904388,112.9530106,105.2473984,108.0665283,1307
10/31/2018,102.7931824,110.415802,113.7047806,107.1268158,110.8856506,3155
11/1/2018,105.0677414,112.8590393,113.7047806,107.2677765,112.7650757,709
11/2/2018,111.9352036,120.2357559,130.6195374,111.8253632,114.6444931,6277
11/5/2018,114.3847427,122.8669434,126.8607025,116.8997955,120.1887741,2377
11/6/2018,110.9728928,119.2020798,124.8873215,117.4636154,124.8873215,869
11/7/2018,116.4406128,125.0752563,127.4715195,119.3900223,122.1621628,2213
11/9/2018,113.0724945,121.4573822,124.8873215,120.2827454,123.9476089,2066
11/12/2018,113.3349533,121.739296,125.8270264,120.3767166,123.1018677,1159
11/13/2018,110.4042511,118.5912704,124.6054077,118.544281,121.2694397,1529
11/14/2018,109.0482483,117.1347198,125.3571701,115.208313,125.3571701,1892
11/15/2018,110.7979202,119.0141373,121.1754684,113.75177,115.6781693,3796
11/16/2018,115.3908157,123.9476089,124.9343033,115.6781693,115.6781693,1120
11/19/2018,114.2535324,122.7259903,124.9812851,118.4033279,118.7792053,462
11/20/2018,110.8854141,119.1081085,124.7933502,118.8731766,123.2898102,602
11/21/2018,110.710434,118.920166,123.9006195,118.4033279,118.4033279,2560
11/22/2018,110.3167648,118.4972992,119.3430328,114.0336761,117.1817017,3403
11/26/2018,110.3167648,118.4972992,123.5717239,115.6781693,123.1018677,2243
11/27/2018,108.6108322,116.6648636,128.7401276,115.208313,119.1081085,535
11/28/2018,107.4735489,115.4432449,123.9476089,113.5168381,120.2827454,2772
11/29/2018,107.3860626,115.3492737,117.5575867,115.1143417,116.5239105,402
11/30/2018,109.3544388,117.4636154,120.0948029,115.0203705,115.3492737,1616
12/3/2018,109.7918701,117.9334717,119.7189178,117.5575867,119.7189178,106
12/4/2018,109.7481155,117.8864822,128.7401276,115.584198,117.9334717,5204
12/5/2018,113.247467,121.6453247,123.8536377,116.5239105,117.8864822,4541
12/6/2018,108.5670929,116.6178818,118.5912704,116.5239105,118.5912704,1170
12/7/2018,109.5731583,117.6985474,126.7667313,116.6178818,116.6178818,1233
12/10/2018,111.5415268,119.8128891,121.504364,115.7251587,117.6985474,870
12/11/2018,102.7931824,110.415802,120.1887741,109.8989563,113.9397049,13535
12/12/2018,107.9984512,116.0070648,117.4636154,111.6844101,112.7650757,5171
12/13/2018,107.7797394,115.7721405,120.6586304,113.8457413,120.6586304,1380
12/14/2018,110.5354691,118.7322235,122.6790009,117.9334717,120.2827454,1968
12/17/2018,109.8793488,118.0274429,121.128479,117.4636154,118.8731766,1563
12/18/2018,109.0919876,117.1817017,118.8731766,115.584198,116.5239105,925
12/19/2018,120.9022751,129.8677826,140.3925171,117.5575867,117.5575867,8497
12/20/2018,119.1526031,127.9883575,135.3180847,124.1355515,129.6798401,3577
12/21/2018,118.7589264,127.5654907,130.6195374,122.632019,126.3438644,1669
12/24/2018,117.796608,126.5318069,128.9750519,122.4910583,128.9750519,2107
12/26/2018,112.7225571,121.0814972,126.8607025,120.2357559,126.8607025,1555
12/27/2018,117.8840942,126.6257782,130.1496887,123.6656952,130.1496887,3311
12/28/2018,113.6411362,122.0681915,128.5991669,121.3164215,124.2765045,3850
12/31/2018,118.9338913,127.7534332,128.7401276,121.2224503,123.8536377,1480
1/1/2019,114.4285049,122.9139328,125.8740158,121.2224503,124.9812851,333
1/2/2019,115.7844849,124.3704758,126.2029114,122.6790009,123.9945908,410
1/3/2019,115.5220337,124.088562,128.1293182,122.1621628,123.6656952,998
1/4/2019,113.3349533,121.739296,124.7463608,121.3164215,123.2428284,3595
1/7/2019,110.4479904,118.6382523,123.5717239,118.4033279,121.2224503,2441
1/8/2019,110.9728928,119.2020798,119.3430328,118.3093567,118.3093567,258
1/9/2019,110.3604965,118.544281,125.9209976,118.544281,125.9209976,291
1/10/2019,113.5536499,121.9742203,124.323494,121.5513535,121.5513535,111
1/11/2019,112.6350784,120.9875259,125.3571701,118.544281,125.3101883,679
1/14/2019,113.9473343,122.3970871,125.3571701,118.7792053,119.3430328,1506
1/15/2019,114.6471939,123.1488571,124.0415802,123.0548859,123.0548859,458
1/16/2019,113.9473343,122.3970871,124.9812851,120.7995834,121.5513535,450
1/17/2019,115.4345474,123.9945908,124.8873215,123.8536377,124.8873215,2004
1/18/2019,113.2037125,121.5983353,124.0415802,118.544281,123.7126846,1614
1/21/2019,113.7286224,122.1621628,123.9476089,121.5983353,123.8536377,1200
1/22/2019,110.9291458,119.1550903,123.8066483,117.3696442,122.256134,2196
1/23/2019,105.8551025,113.7047806,124.2765045,112.5771332,119.3430328,4448
1/24/2019,104.1929169,111.9193344,117.2756729,110.8856506,113.0469818,3740
1/25/2019,99.73125458,107.1268158,115.3962555,103.6029129,112.7650757,3618
1/28/2019,97.01926422,104.2137222,108.0665283,102.3812866,106.1871109,2839
1/29/2019,92.47011566,99.32723236,105.2473984,97.7297287,105.2473984,5834
1/30/2019,93.86985779,100.8307724,107.9725571,99.09230804,107.9725571,2240
1/31/2019,96.23191071,103.367981,105.9991684,99.23326111,99.23326111,1109
2/1/2019,94.96340179,102.0054016,107.7846146,97.68274689,106.1871109,4436
2/4/2019,96.23191071,103.367981,104.7775497,100.5488586,102.4282761,2223
2/5/2019,89.53941345,96.17920685,100.5488586,95.00457001,99.60914612,2763
2/6/2019,87.13362122,93.59500885,96.7900238,91.85654449,96.32016754,1614
2/7/2019,91.77025604,98.57546997,99.89105988,94.9575882,94.9575882,2019
2/8/2019,89.32071686,95.94428253,107.5027008,92.09147644,105.4353409,3467
2/11/2019,91.4203186,98.19958496,98.90436554,91.57463837,93.40706635,2483
2/12/2019,92.20766449,99.0453186,99.60914612,94.34677887,96.36714935,2127
2/14/2019,89.45193481,96.0852356,97.96465302,95.38045502,97.96465302,194
2/15/2019,89.62689972,96.2731781,97.7297287,94.06486511,94.20581818,2107
2/18/2019,86.08381653,92.46736145,99.51517487,90.21205902,99.51517487,15887
2/19/2019,84.72782898,91.01081085,93.97089386,90.25904083,91.71559143,7609
2/20/2019,88.1834259,94.72266388,98.57546997,91.15176392,98.19958496,2855
2/21/2019,89.27696991,95.89730072,96.6020813,93.54802704,93.59500885,3316
2/22/2019,92.07644653,98.90436554,100.5488586,95.99126434,98.10561371,737
2/25/2019,90.58922577,97.30686188,100.5488586,95.23950195,100.5488586,1641
2/26/2019,93.91358948,100.8777542,101.4885635,92.74927521,101.300621,2358
2/27/2019,98.28778076,105.5763016,112.4831619,100.5488586,105.1534271,8524
2/28/2019,100.0374527,107.455719,109.8049927,105.5763016,105.5763016,695
3/1/2019,104.8927765,112.6711044,119.0141373,104.4486465,111.2615356,4490
3/5/2019,114.1660385,122.632019,125.5451126,110.039917,117.3696442,17450
3/6/2019,120.1149139,129.0220337,138.0902252,123.1488571,123.1488571,10983
3/7/2019,121.1209793,130.1027069,135.7409515,126.8607025,130.9014587,4140
3/8/2019,118.0590591,126.8137207,131.5592499,124.9812851,129.7738037,2708
3/11/2019,116.8780289,125.5451126,133.9085236,122.1621628,132.8278656,4705
3/12/2019,118.4527359,127.2365875,129.4449005,122.3970871,127.5654907,1919
3/13/2019,114.1660385,122.632019,126.8607025,122.256134,126.8607025,2028
3/14/2019,113.0287476,121.4103928,125.6860733,120.3767166,121.4573822,461
3/15/2019,111.2353516,119.4839935,125.216217,119.3430328,121.2224503,1002
3/18/2019,111.1041183,119.3430328,123.3367996,119.3430328,123.1018677,1540
3/19/2019,110.7979202,119.0141373,121.128479,116.8997955,121.128479,874
3/20/2019,110.7541809,118.9671478,121.1754684,117.5575867,117.6515579,1920
3/22/2019,109.9230881,118.0744247,118.6852417,116.5239105,117.4636154,1868
3/25/2019,104.1054306,111.8253632,118.4033279,111.2145538,118.4033279,2419
3/26/2019,104.9802704,112.7650757,115.9130936,111.9193344,111.9193344,677
3/27/2019,103.4055557,111.0735931,114.6444931,109.0532227,109.8519745,7259
3/28/2019,104.8927765,112.6711044,115.8661118,110.1338882,115.5372162,592
4/1/2019,108.5233459,116.5708923,119.3430328,112.7650757,112.7650757,3675
4/2/2019,113.1599884,121.5513535,122.1621628,113.3288956,118.3093567,7495
4/3/2019,109.2232208,117.3226624,120.6586304,116.9937592,120.2827454,583
4/4/2019,110.4042511,118.5912704,119.7189178,116.5708923,117.0877304,1964
4/5/2019,112.4163742,120.7526016,121.7862778,116.6178818,116.6648636,2804
4/8/2019,114.6471939,123.1488571,124.2295227,117.8864822,117.8864822,4298
4/9/2019,113.8161011,122.256134,124.9812851,116.4769211,121.3164215,7814
4/10/2019,113.7286224,122.1621628,122.1621628,119.9068604,122.0681915,502
4/11/2019,116.3093872,124.9343033,126.8137207,120.7526016,120.8465652,3569
4/12/2019,130.0880737,139.734726,145.279007,122.3501053,122.632019,41677
4/15/2019,131.0066223,140.7214203,144.6681976,138.137207,141.7550964,10118
4/16/2019,124.2266464,133.4386749,140.9563446,131.6062317,139.0769196,7692
4/18/2019,123.264328,132.4049835,135.7409515,131.5592499,135.4120636,2517
4/22/2019,120.2898941,129.2099762,131.9351349,126.8607025,131.8881531,1929
4/23/2019,120.0711746,128.9750519,131.1833649,127.8943863,130.3376312,852
4/24/2019,118.0590591,126.8137207,130.008728,126.2968826,126.8607025,1722
4/25/2019,125.495163,134.8012543,150.3534241,124.6054077,127.3305588,29975
4/26/2019,125.5389175,134.8482361,140.0166321,132.6399231,140.0166321,4385
4/30/2019,124.3141251,133.5326385,138.9829559,124.2295227,130.6195374,10909
5/2/2019,120.6835556,129.632843,134.3783722,127.0956345,133.4386749,2771
5/3/2019,124.839035,134.0964661,136.5867004,129.4918976,130.1496887,1508
5/6/2019,120.5085983,129.4449005,134.0964661,126.907692,134.0964661,2740
5/7/2019,113.0287476,121.4103928,130.6195374,120.2357559,127.42453,3260
5/8/2019,112.3288879,120.6586304,128.4112244,118.8731766,122.8199615,1726
5/9/2019,117.5341568,126.2498932,130.1027069,118.920166,122.0681915,848
5/10/2019,116.5718384,125.216217,126.4378357,123.7126846,123.7126846,498
5/13/2019,108.392128,116.4299393,124.0415802,115.584198,124.0415802,1878
5/14/2019,114.9533844,123.4777527,124.9812851,114.8794174,118.2153854,4409
5/15/2019,125.0577469,134.3313904,137.1035309,119.5779648,121.128479,12583
5/16/2019,130.7879333,140.4864807,143.2116394,133.3916779,133.3916779,21042
5/17/2019,124.5328369,133.7675629,140.4864807,132.4989624,140.4864807,1993
5/20/2019,127.9447021,137.4324341,142.1309814,131.6062317,138.137207,9611
5/21/2019,127.7697372,137.2444916,144.057373,136.2577972,138.2311859,4731
5/22/2019,125.495163,134.8012543,138.513092,134.3783722,134.7542572,1235
5/23/2019,128.9945068,138.5600891,158.575882,135.177124,138.513092,7412
5/24/2019,134.7246704,144.7151794,152.0449066,137.7613373,143.7754669,11904
5/27/2019,152.9650116,164.3081055,167.9259796,156.4615326,163.4623718,35932
5/28/2019,155.9831848,167.5501099,181.0819092,164.496048,164.496048,63038
5/29/2019,154.670929,166.1405334,172.9064484,164.9189148,169.0066528,7355
5/30/2019,164.9065094,177.1351318,179.4844055,163.1334686,166.1405334,22484
5/31/2019,161.2321777,173.1883545,177.1351318,171.0740051,177.1351318,7060
6/3/2019,164.3815918,176.5713043,178.4977112,171.0270233,175.7255707,9451
6/4/2019,158.0390472,169.7584229,178.3567505,165.5767212,177.6049957,28795
6/6/2019,152.6150665,163.9322205,169.1006165,157.8241119,167.2681885,6882
6/7/2019,149.640625,160.7372131,166.328476,158.6228638,160.7841949,2059
6/10/2019,152.1339111,163.41539,165.7646484,160.2203674,160.2673645,2726
6/11/2019,148.5908051,159.6095581,163.8382568,155.2868958,161.6299438,4004
6/12/2019,144.7852783,155.5218353,162.3347168,155.0519714,158.7168427,3182
6/13/2019,145.6163788,156.4145508,164.2141418,155.0519714,156.1326447,5730
6/14/2019,146.5787048,157.4482269,164.4490662,154.159256,154.159256,4673
6/17/2019,146.0100555,156.8374176,159.2806702,153.1725616,158.7168427,3918
6/18/2019,146.0537872,156.8843994,159.0927277,155.4278564,155.4748383,2983
6/19/2019,136.3868561,146.5006256,156.9313965,145.654892,155.991684,9906
6/20/2019,140.3673706,150.7763062,152.0449066,146.5945892,152.0449066,4547
6/21/2019,144.4790802,155.1929321,157.8710938,148.4740143,157.7771301,3902
6/24/2019,144.216629,154.9110107,160.6902313,147.5343018,155.4278564,4475
6/25/2019,144.9165039,155.6627808,164.3550873,152.2328491,159.5155945,2425
6/26/2019,146.9286346,157.8241119,159.5155945,152.9376221,157.8710938,1772
6/27/2019,146.3162537,157.1663208,159.2806702,155.0519714,158.8108063,1965
6/28/2019,146.5349579,157.4012451,159.1397095,155.5218353,156.2266083,679
7/1/2019,143.3855438,154.0182953,162.4286957,152.2328491,157.4012451,2646
7/2/2019,146.7099304,157.5891876,160.6902313,150.6353455,160.6902313,1330
7/3/2019,148.1971283,159.1866913,159.7505188,155.1929321,157.5891876,1416
7/4/2019,144.6977997,155.4278564,163.5093536,154.6760864,163.5093536,3389
7/5/2019,143.2980499,153.9243164,159.6095581,150.823288,159.5625763,1760
7/8/2019,136.9555054,147.1114349,155.0519714,145.654892,155.0519714,1748
7/9/2019,141.41716,151.9039459,154.1122589,145.3729706,146.9704742,3737
7/10/2019,140.848526,151.2931366,153.8303528,148.0511475,153.8303528,752
7/11/2019,141.2859497,151.7630005,153.1725616,150.447403,151.3401184,709
7/12/2019,143.6479797,154.3002014,159.0927277,152.2328491,152.2328491,4241
7/15/2019,145.6163788,156.4145508,159.0927277,151.8099823,154.159256,3067
7/16/2019,142.0295715,152.5617523,156.4145508,152.2328491,156.4145508,849
7/17/2019,138.4864807,148.7559204,156.7904358,144.2923126,150.7293091,3358
7/18/2019,138.1365356,148.3800354,154.1122589,145.9367981,154.1122589,3362
7/19/2019,133.2812042,143.1646576,156.1326447,141.1442871,152.2328491,4605
7/22/2019,131.2253265,140.9563446,146.5945892,140.9563446,143.1646576,1423
7/23/2019,137.3491821,147.5343018,151.2931366,140.9093475,140.9563446,1149
7/24/2019,131.3128204,141.0503082,147.5343018,139.3118439,147.5343018,9546
7/25/2019,133.1499634,143.0236969,146.8295135,141.8020782,146.8295135,529
7/26/2019,135.2495728,145.279007,145.5609131,139.1708984,140.0166321,1075
7/29/2019,140.2798615,150.6823273,153.0785828,143.2116394,146.0307617,2342
7/30/2019,131.7064667,141.473175,154.9580078,139.6877289,154.4411621,8313
7/31/2019,131.1815796,140.9093475,145.654892,140.0636139,140.0636139,3411
8/1/2019,125.9763107,135.3180847,143.5875244,133.4386749,139.1708984,10024
8/2/2019,129.4756622,139.0769196,139.0769196,133.4386749,134.5193329,1307
8/5/2019,124.2703934,133.4856567,140.3925171,132.6869049,139.0769196,2526
8/6/2019,134.812149,144.8091431,145.654892,138.1842041,139.0769196,7444
8/7/2019,132.8000336,142.6478119,152.1388702,139.0769196,145.1850281,9705
8/8/2019,135.6432648,145.7018738,146.5945892,141.1442871,141.1442871,890
8/9/2019,139.0113678,149.3197479,153.407486,146.0307617,153.407486,8476
8/13/2019,139.4487762,149.7895966,158.3409576,148.5679779,153.1725616,16979
8/14/2019,137.0429993,147.2053986,153.9713135,145.7018738,153.9713135,14640
8/16/2019,133.1062317,142.9767151,149.8835754,141.8960419,149.8835754,6212
8/19/2019,131.0941162,140.8153839,150.3534241,139.4528046,142.9767151,3541
8/20/2019,130.4713287,137.8083191,144.057373,133.5326385,141.0503082,8662
8/21/2019,127.1350327,134.2844086,140.6744232,129.8677826,136.3047791,4417
8/22/2019,127.1795273,134.3313904,136.2108154,128.7871094,130.2436523,3834
8/23/2019,125.2667084,132.3110199,136.9625702,126.8607025,136.4927216,4114
8/26/2019,129.0478516,136.3047791,139.734726,132.4989624,139.734726,5635
8/27/2019,129.8040619,137.1035309,140.9093475,132.968811,133.6735992,8696
8/28/2019,125.7115555,132.7808685,139.0769196,132.592926,137.1975098,4868
8/29/2019,125.6225815,132.6869049,136.2108154,130.8074799,136.2108154,2457
8/30/2019,125.1777344,132.217041,136.1638184,129.0220337,136.1638184,2353
9/3/2019,124.6884155,131.7002106,137.1505127,129.7268219,137.1505127,2167
9/4/2019,123.0425262,129.9617462,134.7542572,127.1896057,130.3376312,1720
9/5/2019,124.1546173,131.1363831,133.344696,130.0557098,130.3376312,754
9/6/2019,127.2239914,134.3783722,136.2577972,132.8278656,134.1434479,2595
9/9/2019,126.7346878,133.8615417,135.7879486,132.4989624,133.4386749,2348
9/11/2019,134.3414307,141.8960419,145.5609131,133.4386749,134.6602936,9083
9/12/2019,128.5140228,135.7409515,147.2523956,133.7205811,146.3126831,26955
9/13/2019,130.6047821,137.9492645,138.9829559,135.8819122,138.513092,2078
9/16/2019,132.7400055,140.2045746,140.9563446,137.4324341,137.9492645,2440
9/17/2019,128.2026672,135.4120636,145.0910645,134.4253693,140.9563446,10160
9/18/2019,130.3823547,137.7143402,138.3251495,135.3180847,138.3251495,1624
9/19/2019,128.5585327,135.7879486,139.0769196,130.2906494,138.7010345,5875
9/20/2019,130.7827148,138.137207,143.7754669,134.4723511,137.5733948,13851
9/23/2019,136.2097626,143.8694305,145.654892,138.6540527,140.9563446,4853
9/24/2019,133.6296844,141.1442871,145.7488556,140.9563446,145.5139313,3794
9/25/2019,132.38414,139.8286896,144.1983337,139.1708984,144.057373,3216
9/26/2019,130.9161835,138.2781677,143.1646576,138.137207,140.4394989,2184
9/27/2019,132.6065521,140.0636139,140.9563446,138.137207,140.8623657,1255
9/30/2019,131.7613525,139.1708984,141.0503082,136.3987579,138.137207,1342
10/1/2019,129.7151031,137.0095673,140.9563446,133.4386749,140.7214203,5599
10/3/2019,124.5549774,131.5592499,136.6806641,129.6798401,133.0627899,3176
10/4/2019,125.4446564,132.4989624,136.0228729,129.3979187,133.4386749,4126
10/7/2019,125.2667084,132.3110199,135.553009,130.1496887,135.553009,568
10/9/2019,126.6457138,133.7675629,134.7072754,131.5592499,134.7072754,1035
10/10/2019,125.4446564,132.4989624,134.7542572,130.9954224,134.7542572,1182
10/11/2019,125.6670685,132.7338867,139.9226685,128.4582062,128.4582062,2558
10/14/2019,124.7329102,131.7471924,133.4386749,131.1363831,131.1833649,2695
10/15/2019,125.8005295,132.8748474,136.1168365,130.9954224,132.4519806,1697
10/16/2019,128.9143982,136.1638184,138.137207,131.6532288,131.6532288,4524
10/17/2019,126.9570999,134.0964661,137.1975098,133.6266174,133.6266174,685
10/18/2019,126.3343277,133.4386749,137.6203766,133.1567535,137.6203766,4018
10/22/2019,126.3343277,133.4386749,136.1638184,132.7338867,135.2711029,1202
10/23/2019,127.8912735,135.0831604,136.2108154,132.8748474,133.5326385,1463
10/24/2019,124.7773895,131.7941742,136.2577972,131.5592499,133.8615417,4347
10/25/2019,127.9802246,135.177124,135.7879486,129.8677826,129.9147644,1499
10/27/2019,128.4695587,135.6939697,137.1505127,134.3783722,135.6939697,1892
10/29/2019,130.3378906,137.6673584,142.8357544,135.3180847,142.8357544,2559
10/30/2019,130.1154633,137.4324341,137.5733948,135.3180847,135.3180847,786
10/31/2019,134.474884,142.0370026,143.7754669,137.1975098,138.9829559,3359
11/1/2019,131.4499817,138.8419952,143.6815033,137.8083191,141.8020782,2298
11/4/2019,133.2293396,140.7214203,145.6078949,137.7143402,145.6078949,2174
11/5/2019,137.4997864,145.2320099,149.4607086,141.0503082,143.5875244,16814
11/6/2019,139.8574371,147.7222443,150.7763062,144.7151794,147.5343018,11503
11/7/2019,143.2382202,151.2931366,155.0519714,142.8357544,150.1184998,14810
11/8/2019,139.812973,147.6752625,153.1255646,138.6540527,152.2328491,25463
11/11/2019,141.1474609,149.0848236,156.6494751,148.4740143,150.3064423,12981
11/13/2019,138.7453308,146.5476074,155.991684,143.8694305,152.6087341,4144
11/14/2019,139.812973,147.6752625,151.2461548,142.2249451,144.1983337,3481
11/15/2019,133.7631378,141.2852325,146.9704742,140.0166321,144.1513519,4050
11/18/2019,132.2506714,139.6877289,146.9704742,136.2577972,137.2914734,7639
11/19/2019,133.5852051,141.09729,143.5875244,138.8889771,143.5875244,594
11/20/2019,132.1172485,139.5467834,145.0910645,139.0769196,142.8357544,4886
11/21/2019,129.7151031,137.0095673,142.4598694,134.5193329,139.1708984,3041
11/22/2019,129.5816498,136.8686066,138.9829559,134.9421997,137.3384552,3878
11/25/2019,133.273819,140.7684021,142.7417908,138.137207,142.7417908,8191
11/26/2019,132.3396606,139.7817078,142.8357544,137.1975098,142.7887726,6944
11/27/2019,130.9161835,138.2781677,142.2249451,135.3180847,137.8553009,3876
11/28/2019,129.492691,136.7746429,142.8357544,135.4120636,141.8960419,8979
11/29/2019,128.1581573,135.3650665,136.6806641,133.9555054,133.9555054,3950
12/2/2019,131.183075,138.5600891,146.5476074,134.5193329,134.5193329,5160
12/3/2019,129.9375305,137.2444916,143.2116394,136.7276459,143.2116394,1022
12/4/2019,129.9375305,137.2444916,138.9829559,135.3650665,137.2444916,1107
12/5/2019,132.0282745,139.4528046,142.694809,136.2577972,141.6611176,2083
12/6/2019,128.4695587,135.6939697,140.0166321,133.7205811,138.137207,2058
12/9/2019,128.6030121,135.8349304,137.1975098,133.7205811,135.6939697,3248
12/10/2019,124.5104904,131.5122681,137.1505127,130.2436523,133.9555054,1655
12/11/2019,124.243576,131.2303467,135.3180847,129.1629944,135.3180847,2049
12/12/2019,127.7578125,134.9421997,135.6000061,128.8810883,133.2507324,1844
12/13/2019,125.4891281,132.5459442,135.6939697,132.4989624,134.9421997,363
12/16/2019,123.9321976,130.9014587,135.3180847,130.2436523,134.3783722,1030
12/17/2019,125.7115555,132.7808685,134.3313904,130.384613,130.4315948,1093
12/18/2019,125.6225815,132.6869049,134.3783722,131.7002106,134.3313904,1145
12/19/2019,123.7097855,130.6665344,133.2507324,130.6195374,131.5592499,892
12/20/2019,130.0709839,137.3854523,138.0432434,128.8810883,128.8810883,3834
12/23/2019,124.9108353,131.9351349,140.0166321,130.1966705,137.3854523,4049
12/24/2019,124.9998093,132.0290985,137.1035309,131.7941742,137.0095673,1266
12/26/2019,126.7346878,133.8615417,135.6939697,132.4989624,132.4989624,1101
12/27/2019,126.156395,133.2507324,138.137207,132.4989624,133.4386749,3643
12/30/2019,130.4268646,137.7613373,138.137207,132.2640381,132.2640381,2511
12/31/2019,127.7133255,134.8952179,137.5733948,134.3783722,137.5263977,205
1/1/2020,130.3823547,137.7143402,138.9829559,134.4723511,134.5193329,993
1/2/2020,133.7186432,141.2382507,143.3995819,135.3650665,135.3650665,15405
1/3/2020,132.1617279,139.5937653,142.6478119,137.6673584,140.3925171,6814
1/6/2020,128.2471466,135.4590454,138.8419952,135.177124,138.137207,2704
1/7/2020,133.3627777,140.8623657,143.4935608,135.3180847,135.4590454,9020
1/8/2020,137.6777191,145.4199524,153.9713135,136.1638184,140.3455353,19042
1/9/2020,142.0371552,150.0245361,152.7966766,144.8091431,151.4340973,7255
1/10/2020,139.9464111,147.8162231,152.9846191,145.8898163,145.8898163,6245
1/13/2020,139.2346649,147.0644531,152.0918884,138.0902252,150.4004211,7167
1/14/2020,136.6990814,144.3862762,150.2594604,143.1176758,148.7559204,3116
1/15/2020,137.0104675,144.7151794,147.7692261,142.8357544,143.8224487,4767
1/16/2020,137.5442657,145.279007,148.6619568,141.2382507,141.5201721,4217
1/17/2020,137.6777191,145.4199524,149.4137268,144.3392944,144.3392944,3182
1/20/2020,142.0371552,150.0245361,152.2328491,144.8091431,149.8835754,10152
1/21/2020,141.9481812,149.9305573,154.1122589,146.3596649,153.1725616,6061
1/22/2020,139.3681183,147.2053986,151.9509277,147.1584167,149.4137268,4686
1/23/2020,142.6154327,150.6353455,151.4340973,147.6282806,151.4340973,362
1/24/2020,141.636795,149.6016693,154.1122589,148.3330536,152.6087341,2846
1/27/2020,144.8396301,152.9846191,155.6627808,147.6752625,155.0519714,8678
1/28/2020,144.9286041,153.0785828,161.4420013,149.0378418,153.1255646,7077
1/29/2020,142.526474,150.5413666,157.6831665,150.3534241,157.6831665,5004
1/30/2020,138.1670532,145.9367981,153.0785828,143.3995819,149.0848236,7318
1/31/2020,138.0780792,145.8428345,152.2328491,141.8960419,152.2328491,4400
2/3/2020,137.8556671,145.6078949,154.8640289,143.5875244,152.6087341,31081
2/4/2020,143.0157928,151.0582123,154.1122589,146.9234924,149.9775391,6889
2/5/2020,144.0834198,152.1858673,153.5484467,151.0582123,152.6557159,1919
2/6/2020,142.704422,150.7293091,155.9447021,150.3534241,155.9447021,2560
2/7/2020,143.6385651,151.7160034,154.3471985,148.0511475,151.4340973,2489
2/10/2020,140.8805695,148.8029175,154.1122589,148.4740143,153.1725616,5250
2/11/2020,143.2382202,151.2931366,155.0519714,148.4740143,148.614975,13565
2/12/2020,138.8787994,146.6885681,155.0519714,145.7958374,151.9509277,3891
2/13/2020,136.9215088,144.6212006,148.3800354,144.2453156,146.6885681,7550
2/14/2020,138.3005066,146.0777588,149.5546722,143.8224487,145.0910645,5434
2/17/2020,136.7435608,144.4332581,151.6220398,143.7754669,151.6220398,4756
2/18/2020,135.7649231,143.3995819,145.654892,143.3056183,144.4802551,1363
2/19/2020,134.9642181,142.5538483,147.5343018,140.2985382,140.2985382,2951
2/20/2020,132.8289795,140.2985382,143.6815033,140.2045746,141.9900208,3341
2/24/2020,131.1385956,138.513092,143.2116394,136.8216248,143.2116394,3671
2/25/2020,133.5852051,141.09729,142.6478119,134.4723511,134.4723511,3226
2/26/2020,129.2257843,136.4927216,143.7754669,133.4386749,142.6478119,4872
2/27/2020,129.4481964,136.7276459,139.0769196,134.5193329,136.2577972,2142
2/28/2020,121.040741,127.8474045,136.2577972,127.1426163,136.2577972,5807
3/2/2020,123.4428711,130.384613,139.0769196,127.3305588,139.0769196,4300
3/3/2020,122.1083527,128.9750519,135.6939697,127.1426163,135.6939697,1771
3/4/2020,121.2631531,128.0823212,131.5592499,124.0415802,128.1763,2894
3/5/2020,121.2631531,128.0823212,128.1293182,125.1222458,127.800415,9260
3/6/2020,115.4802475,121.9742203,126.8607025,120.4706879,126.8607025,4049
3/9/2020,108.9411163,115.0673599,127.800415,112.8120575,127.800415,5612
3/11/2020,106.8058929,112.8120575,118.7792053,111.4494781,115.0673599,3544
3/12/2020,90.70271301,95.80332947,107.7846146,90.25904083,106.0931396,27941
3/13/2020,97.33081818,102.8041611,105.4823303,82.69438934,82.69438934,7943
3/16/2020,90.43580627,95.52141571,104.3076935,91.62162018,98.48149872,4384
3/17/2020,92.57103729,97.77671814,101.4885635,93.97089386,93.97089386,1958
3/18/2020,87.4553833,92.3733902,97.77671814,90.68191528,97.77671814,13682
3/19/2020,86.56570435,91.43367767,97.7297287,84.57380676,89.2723465,27352
3/20/2020,91.54790497,96.69605255,98.66944122,91.15176392,98.10561371,2788
3/23/2020,82.51766968,87.15800476,99.60914612,81.04989624,96.69605255,3975
3/24/2020,82.74008942,87.39292908,91.95051575,85.98336792,87.48690033,2202
3/25/2020,83.80770111,88.52058411,93.97089386,78.46569824,78.46569824,3136
3/26/2020,88.12264252,93.07817078,95.66236877,81.84864807,94.91059875,8274
3/27/2020,85.67602539,90.49397278,97.7297287,89.2723465,97.7297287,7590
3/30/2020,81.67247009,86.26528168,98.57546997,85.51351166,98.57546997,2479
3/31/2020,83.94115448,88.66153717,90.40000153,86.17131042,88.3326416,2512
4/1/2020,81.36108398,85.93637848,91.38669586,85.51351166,91.38669586,1528
4/3/2020,85.49809265,90.30603027,94.81663513,87.06403351,94.76964569,2503
4/7/2020,87.63331604,92.5613327,93.03118134,87.95675659,92.46736145,2059
4/8/2020,86.61019135,91.48066711,96.22619629,89.460289,96.22619629,3978
4/9/2020,90.74719238,95.85031128,101.6295242,93.03118134,101.6295242,5283
4/13/2020,92.03723145,97.21289063,105.2004166,91.33970642,95.61538696,7841
4/15/2020,91.59239197,96.74303436,108.0665283,94.53472137,102.4282761,15810
4/16/2020,94.97315979,100.3139267,101.0656967,95.85031128,98.57546997,4023
4/17/2020,96.75252533,102.1933441,112.2952194,99.13928986,99.60914612,5402
4/20/2020,99.06568909,104.6365891,109.9459457,99.93804169,109.9459457,20226
4/21/2020,91.94826508,97.11891937,105.2473984,95.66236877,105.2473984,5886
4/22/2020,91.94826508,97.11891937,100.5488586,95.28648376,96.88398743,4458
4/23/2020,93.99452209,99.28025055,103.367981,96.22619629,97.77671814,2216
4/24/2020,89.85751343,94.91059875,98.62245178,92.3733902,98.01164246,3907
4/27/2020,93.32726288,98.57546997,103.367981,95.56839752,98.62245178,5435
4/28/2020,92.43757629,97.63575745,101.300621,94.86361694,98.71642303,5344
4/29/2020,92.66000366,97.87068939,100.5488586,95.94428253,96.93097687,14154
4/30/2020,97.86461639,103.367981,107.5966721,100.4548874,102.2873154,11349
5/4/2020,92.21516418,97.40083313,105.8112259,95.85031128,105.8112259,7450
5/5/2020,96.17423248,101.5825348,103.9318085,98.76341248,101.4415817,2883
5/6/2020,94.52832031,99.84407043,102.4282761,97.16590118,101.8644485,679
5/7/2020,95.19559479,100.5488586,101.300621,100.5488586,101.300621,409
5/8/2020,94.88419342,100.2199554,101.0187073,98.85738373,99.0453186,873
5/11/2020,95.59593964,100.9717255,103.367981,99.0453186,101.300621,1582
5/12/2020,93.37174225,98.62245178,102.7571716,97.7297287,101.4885635,3986
5/13/2020,97.06391144,102.5222473,104.0257797,99.60914612,100.5488586,1933
5/14/2020,97.95358276,103.4619522,104.260704,96.88398743,96.88398743,622
5/15/2020,98.39842224,103.9318085,105.6232834,99.98503113,103.367981,6392
5/18/2020,94.39486694,99.70311737,107.8785858,98.85738373,104.495636,3339
5/19/2020,97.46425629,102.9451141,106.1401215,97.82369995,103.743866,11306
5/20/2020,92.79345703,98.01164246,101.8644485,93.97089386,101.8644485,5017
5/21/2020,99.55500793,105.1534271,115.0673599,98.15259552,102.2403336,56905
5/22/2020,98.3539505,103.8848267,105.6702728,100.1729736,101.9584198,15898
5/26/2020,111.7880859,118.0744247,120.2827454,104.3076935,104.3076935,65159
5/27/2020,120.951767,127.7534332,133.9555054,119.3900223,119.3900223,108610
5/28/2020,129.9820099,137.2914734,145.5609131,127.1426163,131.0894012,298978
5/29/2020,117.8378983,124.464447,136.9625702,123.5717239,136.9625702,72702
6/1/2020,119.6172485,126.3438644,128.6461487,124.0415802,128.6461487,24851
6/2/2020,117.0371933,123.6187134,125.6860733,122.9609146,124.0415802,5527
6/3/2020,114.4571228,120.8935547,123.6187134,115.584198,123.6187134,19431
6/4/2020,113.2560501,119.6249466,121.2224503,115.6781693,121.0345078,11863
6/5/2020,116.3254395,122.8669434,124.5114365,118.0274429,120.0948029,7232
6/8/2020,115.4357681,121.9272308,126.8607025,119.3430328,124.7933502,7572
6/9/2020,111.5656662,117.8395004,123.1018677,109.9459457,123.1018677,18539
6/10/2020,114.3681488,120.7995834,125.3101883,116.9937592,121.1754684,5115
6/11/2020,112.4553375,118.7792053,120.9405365,117.1817017,120.7995834,2694
6/12/2020,112.3218918,118.6382523,119.296051,109.1471939,109.1471939,4635
6/15/2020,110.5870285,116.8058243,121.5983353,115.8191223,119.1081085,1972
6/16/2020,111.2097931,117.4636154,120.1417847,113.75177,120.0478134,4325
6/17/2020,116.4144135,122.9609146,127.7064438,113.375885,115.0673599,34285
6/18/2020,117.1261597,123.7126846,125.1222458,120.6586304,122.7259903,10776
6/19/2020,114.4126282,120.8465652,125.9209976,119.4370041,122.1151733,6276
6/22/2020,116.0585403,122.5850296,125.9209976,121.7862778,124.840332,3228
6/23/2020,120.9072876,127.7064438,131.5592499,125.9209976,127.8474045,11838
6/24/2020,118.3272247,124.9812851,129.7268219,124.0415802,124.840332,6921
6/25/2020,120.9072876,127.7064438,131.5592499,117.9334717,124.9812851,7355
6/26/2020,118.8610306,125.5451126,131.5592499,117.5106049,127.7534332,16705
6/29/2020,118.3717041,125.0282745,126.8607025,123.1958389,126.8607025,2960
6/30/2020,122.152832,129.0220337,137.5263977,124.9812851,126.9546738,39204
7/1/2020,124.5994492,131.6062317,136.0698547,128.8810883,129.5388794,16100
7/2/2020,121.4410934,128.2702637,134.6133118,127.800415,130.8544617,15749
7/3/2020,120.5069351,127.283577,133.7675629,126.3438644,133.7675629,7986
7/6/2020,124.0211563,130.9954224,133.9085236,127.283577,131.2773438,26476
7/7/2020,121.2186813,128.0353394,131.0424042,127.800415,131.0424042,7735
7/8/2020,120.7738342,127.5654907,129.5858612,126.3908539,128.7401276,10429
7/9/2020,121.2631531,128.0823212,128.5521851,120.8935547,124.7933502,15142
7/10/2020,121.7524872,128.5991669,132.217041,126.2968826,128.2232819,11466
7/13/2020,128.4695587,135.6939697,140.2515564,131.3713074,134.3783722,69989
7/14/2020,123.4428711,130.384613,138.137207,126.9546738,134.8482361,25872
7/15/2020,123.3983994,130.3376312,135.3180847,129.1160126,135.3180847,4782
7/16/2020,125.0442886,132.0760956,133.9085236,128.8340912,132.217041,7201
7/17/2020,124.4215164,131.4182892,133.0157928,129.6798401,129.9147644,5297
7/20/2020,125.6670685,132.7338867,135.3180847,130.2906494,135.3180847,8604
7/21/2020,124.5994492,131.6062317,134.3783722,129.7738037,134.3783722,9836
7/22/2020,123.6652832,130.6195374,133.4386749,129.9147644,131.6062317,7366
7/23/2020,128.2026672,135.4120636,140.3925171,133.0627899,137.6203766,22432
7/24/2020,128.4250793,135.6469879,137.1975098,132.0760956,135.4590454,10616
7/27/2020,125.9339752,133.0157928,135.4590454,130.6665344,130.6665344,7445
7/28/2020,126.2453537,133.344696,135.3180847,133.1097717,133.7205811,5487
7/29/2020,125.8894806,132.968811,136.2577972,132.4519806,133.1097717,8452
7/30/2020,126.2453537,133.344696,136.6806641,131.6062317,133.4386749,3026
7/31/2020,126.6902084,133.8145599,134.4723511,130.7135162,132.9218292,9822
8/3/2020,124.9553223,131.9821167,134.9891815,130.8074799,134.9891815,9315
8/4/2020,124.6884155,131.7002106,134.3783722,130.5725555,134.3783722,17339
8/5/2020,125.9339752,133.0157928,134.3783722,131.5592499,134.3783722,17132
8/6/2020,125.8450012,132.9218292,135.3180847,131.5592499,135.3180847,22609
8/7/2020,135.9873352,143.6345062,147.0644531,135.3180847,135.3180847,114553
8/10/2020,150.6225433,159.0927277,162.0058136,144.9970856,144.9970856,375319
8/11/2020,150.0442657,158.4819183,164.4490662,155.0519714,164.4490662,144540
8/12/2020,145.9072418,154.1122589,159.5625763,152.2328491,159.5625763,49755
8/13/2020,142.9248657,146.3596649,150.3534241,144.2453156,150.3064423,42182
8/14/2020,138.8871765,142.2249451,150.3534241,140.9563446,150.3534241,30379
8/17/2020,146.7790222,150.3064423,153.6424103,141.0503082,143.7754669,58895
8/18/2020,146.7790222,150.3064423,152.9376221,147.5343018,150.447403,25352
8/19/2020,148.2472839,151.8099823,154.7700653,148.9908447,150.6823273,49825
8/20/2020,144.7142944,148.1920929,154.5821228,145.9367981,150.4004211,28679
8/21/2020,145.9531403,149.4607086,154.0652771,148.5679779,154.0652771,27076
8/24/2020,145.0354919,148.5209961,152.2328491,147.2993774,152.2328491,20795
8/25/2020,143.7048798,147.1584167,151.2931366,145.654892,150.6823273,14097
8/26/2020,140.4013214,143.7754669,150.2594604,143.3056183,147.1584167,32242
8/27/2020,140.3554382,143.7284851,147.4403381,141.8960419,147.4403381,24545
8/28/2020,138.5660095,141.8960419,145.2320099,138.8889771,141.9900208,34827
8/31/2020,132.3718262,135.553009,145.654892,128.3642426,145.654892,47097
9/1/2020,137.0518951,140.3455353,145.654892,130.6195374,130.8074799,15323
9/2/2020,138.0154266,141.3322296,145.654892,138.2311859,145.654892,7338
9/3/2020,148.6143494,152.1858673,154.9580078,146.5006256,148.9438629,107834
9/4/2020,152.4684906,156.1326447,158.6228638,144.8561401,144.8561401,104611
9/7/2020,153.9367371,157.6361694,159.7505188,152.6087341,156.1326447,66934
9/8/2020,152.7896729,156.4615326,163.9322205,155.0519714,157.6361694,68028
9/9/2020,164.5356598,168.4898071,170.5101929,152.6087341,152.6557159,368415
9/10/2020,163.0674286,166.9862823,171.9667358,164.8249512,170.0873108,83589
9/11/2020,163.250946,167.1742249,171.0270233,159.8444824,168.959671,84720
9/14/2020,167.1509857,171.167984,172.9064484,165.247818,169.1476135,84111
9/15/2020,176.9240265,181.1758881,182.256546,167.6440735,172.9064484,88337
9/16/2020,186.7429352,191.2307739,201.7555084,180.9409485,182.3035278,238071
9/17/2020,181.2369995,185.592514,194.1438599,183.4781647,191.136795,47041
9/18/2020,183.3934784,187.800827,194.5197449,185.216629,185.592514,84425
9/21/2020,172.0145569,176.1484375,192.5463562,170.8860626,192.5463562,62022
9/22/2020,158.5250244,162.3347168,178.920578,156.4615326,177.4170532,62488
9/23/2020,172.2439728,176.3833618,182.632431,157.2133026,163.5093536,59767
9/24/2020,164.260376,168.207901,180.2361755,164.496048,172.9064484,60638
9/25/2020,169.6286621,173.7052002,176.6652832,167.080246,173.2823334,53494
9/28/2020,173.4369354,177.6049957,182.0216217,174.8328552,182.0216217,23443
9/29/2020,173.8498688,178.0278625,185.1226654,177.3230743,177.83992,59356
9/30/2020,173.2075043,177.3700562,182.3035278,175.7725525,182.3035278,16085
10/1/2020,171.0968933,175.208725,180.3771362,170.6041565,180.3771362,19317
10/5/2020,166.7380524,170.7451172,178.2158051,168.207901,178.2158051,23877
10/6/2020,171.0968933,175.208725,175.7255707,167.2681885,170.7451172,40781
10/7/2020,178.667572,182.9613342,188.176712,171.3089447,175.5376282,91861
10/8/2020,172.5192719,176.6652832,186.9081116,175.7255707,183.2432404,21990
10/9/2020,173.9875183,178.168808,181.8336792,175.7255707,176.8532257,22627
10/12/2020,171.1427917,175.255722,183.0552979,173.2823334,180.6590424,20829
10/13/2020,181.9711151,186.3442841,188.8815002,175.7255707,179.4844055,129906
10/14/2020,191.9735718,196.5871124,208.2864838,188.6935577,188.6935577,1330547
10/15/2020,179.6769867,183.9950104,195.8353424,182.3035278,194.9896088,107249
10/16/2020,185.7793884,190.2440796,192.1704712,183.9950104,185.8274384,91518
10/19/2020,188.302948,192.8282776,197.3388824,189.3983307,194.5197449,87975
10/20/2020,191.7900391,196.3991699,202.9771271,192.7342987,195.4594574,112628
10/21/2020,189.082962,193.6270294,200.1110229,189.8211975,197.9966736,60604
10/22/2020,206.3807831,211.3405457,215.7101898,193.0632019,194.0498962,560076
10/23/2020,200.6912994,205.5143433,221.4893951,202.9771271,216.367981,189747
10/26/2020,202.8936768,207.7696533,212.1862793,202.0374146,203.9168396,79534
10/27/2020,200.828949,205.655304,216.0390778,203.3060303,205.8432465,140258
10/28/2020,196.6077423,201.3326416,208.7563324,198.2785797,205.655304,47913
10/29/2020,190.1841431,194.7546844,200.0640259,192.6873169,200.0640259,65365
10/30/2020,189.2206116,193.7679901,203.9168396,191.7946014,194.5197449,79153
11/2/2020,186.5135193,190.9958496,199.3122711,189.5392914,196.0232849,57375
11/3/2020,175.5016479,179.7193298,195.8353424,176.6183014,194.0498962,111967
11/4/2020,180.6864014,185.0286865,186.0153809,180.1421967,183.2432404,36712
11/5/2020,185.4123383,189.8681946,194.5197449,185.0286865,187.8948059,68844
11/6/2020,192.2488556,196.8690186,199.2182922,190.00914,192.5933533,79103
11/9/2020,185.0452881,189.4923096,202.0374146,186.0623627,199.2182922,64232
11/10/2020,184.7240906,189.1634064,195.6943817,187.8948059,192.7342987,55356
11/11/2020,188.9453125,193.4860687,196.5871124,190.4320221,192.6403351,87198
11/12/2020,187.0641174,191.5596619,196.3521881,189.8211975,192.4054108,35260
11/13/2020,194.2677155,198.9363861,201.9434509,189.8211975,193.345108,83526
11/14/2020,194.726532,199.4062347,201.0977173,196.305191,201.0037384,25015
11/17/2020,193.625351,198.2785797,201.0977173,196.5401306,199.2182922,66731
11/18/2020,189.0370789,193.5800476,199.9230804,193.1101837,198.3725586,44629
11/19/2020,188.8535614,193.3921051,198.7954254,191.7476044,195.4594574,41212
11/20/2020,186.7888184,191.2777557,195.9763031,190.8079071,193.3921051,26067
11/23/2020,190.1841431,194.7546844,197.3388824,191.4656982,191.4656982,37541
11/24/2020,195.9194794,200.6278534,203.3530121,190.9018707,197.9966736,220117
11/25/2020,200.2783661,205.0914764,219.7979279,203.071106,203.071106,655128
11/26/2020,195.9653778,200.6748505,205.7962494,199.2182922,203.9168396,47684
11/27/2020,196.4241943,201.1446991,204.4806671,199.2182922,202.3663177,38189
12/1/2020,201.2418976,206.0781708,208.615387,201.0977173,201.0977173,58215
12/2/2020,199.5442352,204.3397064,207.5817108,202.0844116,206.0781708,23028
12/3/2020,198.3512726,203.1180878,208.615387,202.1313934,202.1313934,36071
12/4/2020,197.5253906,202.2723541,207.2058258,201.0977173,202.1313934,55803
12/7/2020,198.9477539,203.7288971,209.5550995,202.1783752,208.1455231,73638
12/8/2020,197.0206757,201.7555084,207.6756744,200.1580048,206.5950165,65663
12/9/2020,195.2312469,199.9230804,204.7625732,198.5605011,200.2519684,38839
12/10/2020,191.5606384,196.1642456,200.1580048,193.345108,198.3725586,38834
12/11/2020,191.8359222,196.4461517,199.0303497,194.0968781,194.0968781,34671
12/14/2020,191.8817902,196.4931335,198.7014618,193.345108,196.3991699,44570
12/15/2020,189.8170929,194.3787994,197.0099792,192.6403351,194.8016663,19828
12/16/2020,190.4594421,195.0365906,198.5605011,192.969223,192.969223,32599
12/17/2020,189.2206116,193.7679901,197.1509399,192.8282776,197.1509399,41826
12/18/2020,186.1464539,190.6199646,196.2112274,186.3912659,195.2245331,48102
12/21/2020,172.7028046,176.8532257,189.8211975,173.8461456,187.9417877,57352
12/22/2020,177.1075592,181.3638306,182.256546,171.0740051,175.208725,40853
12/23/2020,188.486496,193.0162201,195.4594574,178.544693,183.2432404,60291
12/24/2020,187.9817657,192.4993744,197.3388824,190.2440796,192.7342987,52027
12/28/2020,187.7064819,192.2174683,195.1775513,191.3247375,192.4993744,11419
12/29/2020,191.2394562,195.8353424,197.2918854,191.4187164,192.2174683,31074
12/30/2020,196.4700928,201.1916809,204.6686096,195.3654938,196.8690186,90156
12/31/2020,195.4147949,200.1110229,204.6686096,195.9763031,202.6952209,60053
1/1/2021,195.2771301,199.9700623,202.7891846,195.5534363,200.5338898,36895
1/4/2021,196.6536102,201.3796234,202.9771271,193.5800476,197.3388824,153020
1/5/2021,197.938324,202.6952209,205.7022858,196.3991699,201.0977173,106074
1/6/2021,192.5241699,197.1509399,205.3264008,188.176712,202.9771271,158308
1/7/2021,198.0759735,202.8361664,207.1588287,198.4665222,199.4062347,131032
1/8/2021,194.8641815,199.5471954,206.7359619,198.7954254,203.446991,68047
1/11/2021,197.6630402,202.4132996,204.8565521,194.9896088,200.1580048,176040
1/12/2021,200.6912994,205.5143433,210.7767181,199.7351379,201.0977173,153825
1/13/2021,201.3795471,206.2191315,207.3937683,200.9097748,206.6419983,72095
1/14/2021,202.0677795,206.9239044,216.0860748,205.5143433,214.2536316,339234
1/15/2021,202.4807129,207.3467712,212.2332611,202.9771271,210.4947968,128339
1/18/2021,198.718338,203.4939728,211.4814911,202.0374146,206.782959,98344
1/19/2021,198.5806885,203.3530121,206.1721344,202.1313934,203.9168396,29882
1/20/2021,197.9842072,202.7422028,204.8565521,202.0374146,203.822876,25633
1/21/2021,190.734726,195.3184967,206.2661133,192.9222412,203.446991,68220
1/22/2021,190.0006256,194.5667419,199.0773315,192.7342987,195.4594574,37494
1/25/2021,190.1382599,194.7076874,197.3388824,193.0162201,196.3521881,20011
1/27/2021,184.6323242,189.0694427,194.5197449,187.9887695,189.6332703,41827
1/28/2021,186.3300018,190.8079071,192.4993744,187.2369995,189.0694427,20082
1/29/2021,188.4405823,192.969223,195.1775513,190.9958496,191.7476044,24319
2/1/2021,192.9829865,197.6207886,200.0640259,191.7476044,196.3991699,33829
2/2/2021,205.6007538,210.5417938,214.6295166,197.3388824,201.0507202,286778
2/3/2021,199.9571838,204.7625732,212.2802429,203.0241089,210.5417938,97290
2/4/2021,201.4713135,206.3130951,211.2465668,204.7155914,204.8565521,42629
2/5/2021,206.0137177,210.9646606,218.952179,204.1987457,208.4744263,191024
2/8/2021,208.2160645,213.2199554,216.1330566,208.0045776,208.6623688,123148
2/9/2021,200.6912994,205.5143433,222.7110138,203.1180878,216.0390778,397174
2/10/2021,196.8371429,201.5675659,208.9442749,199.6881561,206.0781708,95496
2/11/2021,197.617157,202.3663177,205.9372101,200.486908,200.486908,48473
2/12/2021,197.3877411,202.1313934,211.2935486,201.0977173,205.4203796,107463
2/15/2021,197.4336243,202.1783752,205.1854401,200.4399109,204.6686096,23920
2/16/2021,193.4877167,198.1376343,204.2457428,197.7147675,202.0374146,46149
2/17/2021,192.4324036,197.0569611,201.4266052,195.5064392,200.6278534,33651
2/18/2021,191.9735718,196.5871124,200.6278534,195.5064392,197.526825,32164
2/19/2021,189.9547119,194.5197449,200.3459473,193.9559326,199.9230804,32382
2/22/2021,185.1370392,189.5862732,196.7750549,187.9417877,196.7750549,48032
2/23/2021,187.4770508,191.9825287,194.9426117,190.76091,194.9426117,21426
2/24/2021,189.12883,193.6740112,195.4124756,190.2910614,192.0765076,9491
2/25/2021,189.3582458,193.9089355,196.2112274,190.9018707,195.3654938,27518
2/26/2021,189.1747131,193.720993,197.0099792,190.8548889,190.8548889,32370
3/1/2021,194.3594666,199.0303497,202.8831635,194.9426117,197.1979218,98080
3/2/2021,192.3406372,196.9629974,202.6482391,194.9896088,201.0977173,38106
3/3/2021,204.7748566,209.6960449,218.4823303,195.4594574,196.9629974,676470
3/4/2021,213.4008331,218.5293121,224.3085175,205.0444946,206.7359619,495550
3/5/2021,212.9420166,218.0594635,234.8332672,214.3476105,220.5966797,684045
3/8/2021,206.6560516,211.6224518,220.9255676,210.4478149,220.831604,82818
3/9/2021,199.3607025,204.1517639,214.7234955,201.0977173,214.2536316,94431
3/10/2021,205.32547,210.2598724,211.3875275,204.4336853,204.4336853,45867
3/12/2021,202.8936768,207.7696533,213.3139343,206.7359619,210.2598724,36547
3/15/2021,197.0665588,201.8024902,209.0852356,199.265274,205.0444946,47603
3/16/2021,196.6077423,201.3326416,207.1588287,199.2182922,202.0374146,31798
3/17/2021,194.0382996,198.7014618,204.3866882,198.2785797,200.3459473,28099
3/18/2021,189.8629608,194.4257813,203.3530121,193.1571655,201.0977173,24835
3/19/2021,190.7806244,195.3654938,197.3388824,185.1226654,194.0029144,34739
3/22/2021,194.1300507,198.7954254,201.0977173,194.5197449,195.3654938,37148
3/23/2021,194.9559479,199.6411591,202.9771271,198.7954254,201.0977173,29472
3/24/2021,191.9735718,196.5871124,201.7555084,194.7546844,199.4062347,38972
3/25/2021,186.0088043,190.4790039,198.2315979,189.4453278,198.2315979,29823
3/26/2021,192.3406372,196.9629974,198.7484436,191.7006226,191.7006226,29769
3/30/2021,193.1665192,197.8087311,201.6145477,196.4931335,197.8087311,23505
3/31/2021,194.3594666,199.0303497,201.0977173,197.3388824,198.0906372,14101
4/1/2021,197.1583252,201.8964691,202.9301453,199.4532166,199.4532166,22131
4/5/2021,191.4229736,196.0232849,201.9434509,194.5667419,201.8964691,17567
4/6/2021,198.0759735,202.8361664,204.8565521,196.0232849,196.0232849,39601
4/7/2021,198.2595062,203.0241089,206.6419983,202.0844116,203.822876,24833
4/8/2021,202.5725098,207.4407501,209.4611206,202.0374146,203.0241089,51391
4/9/2021,201.9760284,206.8299408,215.1933441,205.7962494,209.5550995,71872
4/12/2021,190.8723907,195.4594574,203.822876,192.6403351,203.822876,44775
4/13/2021,191.8817902,196.4931335,199.1243286,193.6740112,193.6740112,19282
4/15/2021,191.4229736,196.0232849,198.2785797,192.8752594,192.8752594,16631
4/16/2021,192.6618195,197.2918854,198.2785797,193.5800476,194.9426117,15172
4/19/2021,187.3394165,191.8415833,195.4594574,189.8211975,195.4594574,18165
4/20/2021,188.3946991,192.9222412,198.2315979,191.7476044,194.5197449,14243
4/22/2021,190.8265076,195.4124756,198.1846161,191.7476044,198.1846161,25016
4/23/2021,189.6335602,194.1908569,203.9168396,192.6403351,192.6403351,27986
4/26/2021,192.8912354,197.526825,198.7484436,193.2041626,193.2041626,18947
4/27/2021,193.2582855,197.9026947,200.1110229,196.7280731,200.1110229,10439
4/28/2021,193.4877167,198.1376343,200.0170441,197.3388824,198.0436554,10155
4/29/2021,192.2029877,196.8220367,202.0374146,196.4461517,198.8894043,15869
4/30/2021,193.9465332,198.6074829,201.0977173,195.8823242,195.8823242,23171
5/3/2021,196.9748077,201.7085266,203.3530121,195.5064392,198.3725586,38103
5/4/2021,194.726532,199.4062347,207.6756744,198.7484436,203.9168396,49671
5/5/2021,196.6077423,201.3326416,202.2253571,199.8291016,202.2253571,16187
5/6/2021,195.7359619,200.4399109,202.8361664,199.0303497,201.0977173,21037
5/7/2021,195.6441956,200.3459473,202.9771271,198.3725586,198.3725586,25141
5/10/2021,204.0866394,208.991272,211.4345093,200.3459473,202.9771271,128599
5/11/2021,198.8101044,203.5879364,210.7767181,202.5542603,205.2324371,66370
5/12/2021,200.7371826,205.5613251,214.1126862,203.3060303,204.5746307,164371
5/14/2021,204.0407257,208.9442749,210.4947968,202.0374146,208.615387,113170
5/17/2021,218.0808716,223.3218231,227.127655,208.4744263,209.5550995,457478
5/18/2021,217.8514709,223.0868988,237.5114288,220.7376251,231.168396,682004
5/19/2021,223.8620911,229.2419891,233.376709,220.2677765,220.2677765,118059
5/20/2021,223.6326904,229.0070648,233.4706879,223.6507263,233.4706879,118072
5/21/2021,247.4917297,253.4394989,258.4199524,230.2286835,233.9875183,1115414
5/24/2021,273.5531616,280.1272278,287.7858582,255.694809,257.3862915,1127686
5/25/2021,279.9767456,286.7052002,293.1891785,277.2141418,285.6715088,547222
5/26/2021,296.4486694,303.5729675,310.1039429,269.6494751,291.6856689,1239788
5/27/2021,294.2004089,301.2706909,309.5401306,296.9480286,309.5401306,316609
5/28/2021,283.4638367,290.2760925,305.1704712,286.7052002,299.1093445,156297
5/31/2021,284.7944336,291.6386719,298.5925293,288.4906311,298.5925293,120766
6/1/2021,278.416748,285.1076965,296.8540649,277.4020691,295.0686035,122969
6/2/2021,284.519165,291.3567505,296.7600708,281.9126892,289.3833618,114714
6/3/2021,289.979187,296.9480286,305.4053955,288.3497009,291.3567505,223825
6/4/2021,290.2545166,297.22995,301.2236938,292.2964783,299.6731873,77750
6/7/2021,307.4146423,314.8024902,318.5613403,300.8008423,304.5596619,311518
6/8/2021,323.7030334,331.4823303,338.2952271,311.0436707,320.8166199,835470
6/9/2021,321.4548035,329.1800537,334.536377,322.743042,334.536377,221083
6/10/2021,318.0594788,325.703125,332.1401367,321.8033142,332.1401367,89809
6/11/2021,312.4617615,319.9708862,329.8378296,315.742218,329.8378296,114639
6/14/2021,314.5264893,322.0852356,328.8981323,301.1297302,322.5081177,137456
6/15/2021,309.8464355,317.2927246,325.7970886,312.9700623,324.9043579,130298
6/16/2021,312.5535278,320.0648499,321.3804626,313.862793,319.3131104,88843
6/17/2021,314.2053223,321.7563477,327.9584045,314.8024902,319.1721497,135569
6/18/2021,307.919342,315.3193359,325.7500916,300.9887695,324.9043579,89592
6/21/2021,305.5334473,312.8760986,314.8024902,304.4187012,308.6473999,50843
6/22/2021,312.0029297,319.5010376,324.6694336,315.0844116,315.2723389,93169
6/23/2021,306.5887756,313.9567566,322.4141235,300.3309631,322.4141235,55704
6/24/2021,309.1582336,316.5879517,322.3201599,314.0507202,322.3201599,29553
6/25/2021,315.3065186,322.8840027,324.199585,314.8964539,320.8636169,71264
6/28/2021,318.3347473,325.9850159,333.5966797,324.199585,328.5692444,131365
6/29/2021,311.7276306,319.2191162,331.3413696,316.3060303,331.3413696,67806
6/30/2021,314.8018188,322.367157,326.07901,318.5613403,326.07901,69206
7/1/2021,337.9725647,346.0947876,359.9085083,321.4274292,328.8511353,275541
7/2/2021,342.7902527,351.0282593,377.7630005,348.632019,351.16922,475978
7/5/2021,360.9140015,369.5875244,377.7160034,348.632019,348.632019,341119
7/6/2021,356.4633484,365.0299377,375.8835754,357.8881531,372.1247253,168579
7/7/2021,351.0950928,359.5326538,373.5812988,357.089386,365.0299377,115569
7/8/2021,357.5186462,366.1105957,380.394165,360.0025024,360.8482361,222066
7/9/2021,357.7939453,366.3925171,379.6424255,362.7746277,367.8020935,225806
7/12/2021,361.3269653,370.0104065,384.7168274,366.3925171,371.1850281,243428
7/13/2021,363.1163635,371.8428345,379.6424255,370.2453308,375.8835754,67580
7/14/2021,359.6751404,368.3189087,376.8232727,365.0299377,375.8835754,48201
7/15/2021,367.0622864,375.8835754,387.1600952,371.0910645,371.0910645,220193
7/16/2021,395.6013794,405.1085205,411.4045715,379.6424255,379.6424255,406640
7/19/2021,445.5218506,456.2286987,480.1912537,410.6528015,413.2369995,966919
7/20/2021,453.7348938,464.6390991,499.8781738,459.5176697,460.3634033,646767
7/22/2021,439.144165,449.6977234,484.889801,444.0594482,468.4449158,171913
7/23/2021,424.0486755,434.239502,455.4769287,429.1650696,452.9396973,138325
7/26/2021,467.5455627,478.7817078,489.5883484,441.7571716,441.7571716,309151
7/27/2021,462.8196716,473.9421997,492.2665405,457.6382446,485.7355652,118610
7/28/2021,444.2371216,454.9130859,481.1309814,449.2278442,481.1309814,122678
7/29/2021,450.3395386,461.1621704,470.7941895,457.6852417,459.8465576,65016
7/30/2021,444.925354,455.6178894,464.4981384,453.879425,461.1621704,38108
8/2/2021,447.6783447,458.4370117,468.9147644,451.5771179,468.9147644,49747
8/3/2021,450.8442383,461.6790161,474.553009,455.6178894,457.4972839,72414
8/4/2021,461.9019775,473.0025024,494.7567444,466.42453,474.553009,244134
8/5/2021,455.5701599,466.5184937,479.2045593,452,476.2914734,112447
8/6/2021,464.8384705,476.009552,490.5280762,465.7667236,468.632843,94510
8/9/2021,466.0314331,477.2311707,483.9501038,469.9014587,479.1575928,53814
8/10/2021,446.7148132,457.4503174,483.9501038,442.743866,472.673584,136598
8/11/2021,425.058136,435.2731934,456.6515503,406.7530212,455.7588501,207375
8/12/2021,446.5771484,457.3093567,463.2765198,441.9450989,446.3617554,57636
8/13/2021,442.6312256,453.2686157,473.6133118,451.0603027,464.216217,66432
8/16/2021,436.1617432,446.6436462,458.9068604,426.6278687,457.6382446,76931
8/17/2021,421.8922119,432.031189,456.6985474,423.8087158,456.6985474,73591
8/18/2021,414.2297668,424.1846008,440.7234802,422.3991699,438.3742065,51399
8/20/2021,397.2531433,406.7999878,422.822052,402.1954346,415.3513489,52770
8/23/2021,372.2011414,381.1459351,413.7538452,377.058197,413.4719238,118069
8/24/2021,372.0635071,381.0049744,384.3409424,358.2640381,378.7026978,141142
8/25/2021,381.5153503,390.6839905,395.6174622,385.2806702,388.9925232,43375
8/26/2021,375.9176941,384.9517822,399.3293152,379.9243164,391.3887634,34303
8/27/2021,384.314209,393.5501099,397.9667358,380.5821228,388.7575989,45939
8/30/2021,396.5190125,406.0482178,408.7733765,398.2956238,398.4365845,56538
8/31/2021,391.6095581,401.0207825,408.6794128,395.6644592,408.6794128,33372
9/1/2021,396.1060791,405.6253662,408.7733765,388.5226746,403.9338989,56795
9/2/2021,408.356781,418.1704712,422.3991699,403.6049805,408.7733765,84731
9/3/2021,404.3190918,414.0357666,422.8690186,404.1688232,420.8956299,70501
9/6/2021,400.1437378,409.7600708,416.8548889,405.9542542,416.8548889,28617
9/7/2021,392.9494629,397.7788086,410.605835,393.7380371,405.0145569,42744
9/8/2021,387.8901978,392.6573792,402.6182861,391.0128784,399.3763123,23077
9/9/2021,391.5105591,396.3222351,399.3763123,391.9056091,392.6573792,14128
9/13/2021,393.8777466,398.7185059,409.7131042,391.6236877,404.0748291,26518
9/14/2021,395.2237854,400.0810852,404.0748291,397.5438538,404.0748291,18984
9/15/2021,394.0169983,398.8594666,403.5110168,395.7114258,400.0810852,25556
9/16/2021,374.5690918,379.1725464,404.9675598,374.849884,399.3763123,141976
9/17/2021,375.497406,380.1122742,389.9792175,375.4137268,389.9792175,55805
9/20/2021,365.2396851,369.7284851,384.5289001,368.8357544,374.0041504,33586
9/21/2021,360.7374268,365.1708984,371.889801,355.256958,369.7284851,42918
9/22/2021,361.8977966,366.34552,375.8835754,361.7879333,361.7879333,31158
9/23/2021,373.7800598,378.3738098,383.2133179,369.6345215,377.2461548,41788
9/24/2021,364.8219299,369.305603,382.6025085,364.6070557,378.7026978,38744
9/27/2021,361.7121277,366.1575928,376.4943848,362.0228577,376.4943848,28145
9/28/2021,360.0411987,364.4661255,375.6486511,362.0228577,362.1168518,28380
9/29/2021,364.7755432,369.2586365,373.4873047,364.6070557,370.057373,16032
9/30/2021,365.5181885,370.0104065,373.7222595,367.4262085,373.7222595,13276
10/1/2021,363.6615601,368.1309814,372.8295288,366.5334778,368.3659058,10939
10/4/2021,364.4506226,368.929718,374.9438782,366.4864807,373.0644531,22542
10/5/2021,365.1468506,369.6345215,373.5343018,367.4262085,371.0910645,21422
10/6/2021,377.1219177,381.7567444,397.2619629,361.7879333,374.9438782,132389
10/7/2021,379.4426575,384.1060181,395.6174622,382.5085144,395.6174622,39833
10/8/2021,376.1471863,380.77005,389.0394897,377.7630005,389.0394897,24489
10/11/2021,370.2988892,374.849884,389.0394897,373.1114197,389.0394897,26453
10/12/2021,365.6574097,370.1513367,377.6220398,366.4864807,374.849884,23642
10/13/2021,363.2902527,367.7550964,374.0041504,366.4864807,371.1850281,22879
10/14/2021,370.0204468,374.5679932,381.9447021,368.3659058,368.6478271,48855
10/18/2021,369.5098572,374.0511475,380.1592407,371.1850281,377.7630005,30559
10/19/2021,358.1381836,362.5397034,381.0049744,362.0228577,381.0049744,42470
10/20/2021,354.8891296,359.2507324,373.5343018,353.3305664,363.9492798,32507
10/21/2021,361.8049622,366.2515564,375.6956482,360.801239,372.4066467,58750
10/22/2021,356.0959167,360.4723511,371.9367981,359.4856567,369.2586365,18397
10/25/2021,344.5386047,348.7729797,363.8553162,343.9334717,363.6673584,25691
10/26/2021,352.6611938,356.9954224,359.4856567,343.9334717,347.6923218,22385
10/27/2021,354.0072327,358.3580017,366.4395142,351.4511414,352.3908386,24323
10/28/2021,350.8510132,355.1629944,361.2710876,352.296875,358.4989624,18200
10/29/2021,351.1295166,355.4449158,361.7409668,350.6993713,355.1629944,17214
11/1/2021,358.9736328,363.385437,367.4262085,357.3713074,361.7879333,22129
11/2/2021,356.7921448,361.177124,364.6070557,358.592926,364.6070557,11812
11/3/2021,358.0917664,362.4927368,365.0769348,353.3305664,360.425354,16542
11/4/2021,360.6910095,365.1239014,368.7417908,361.7879333,366.1105957,6760
11/8/2021,378.9785156,383.6361694,386.5962524,359.2037354,366.4864807,123319
11/9/2021,384.9660645,389.6972961,392.7983398,387.1600952,390.9189148,69706
11/10/2021,379.8604126,384.5289001,391.8586121,382.4145508,391.8586121,33814
11/11/2021,391.7426453,396.5571594,400.6448975,382.9313965,385.6565552,132693
11/12/2021,353.2645874,357.6062317,400.2220459,355.9147644,400.2220459,220560
11/15/2021,330.7533264,334.8182983,354.7401123,330.4486389,352.3908386,120464
11/16/2021,326.8544617,330.871521,340.9733887,326.83078,334.8182983,48433
11/17/2021,321.1918335,325.1392822,341.0673523,319.6419983,330.7775574,52382
11/18/2021,307.6850586,311.4665222,333.4087219,309.1642456,327.3945923,58639
11/22/2021,287.912262,291.4507141,311.4665222,289.5243225,311.4665222,107543
11/23/2021,277.0975647,280.5031128,291.1218262,277.6839905,290.3230896,160418
11/24/2021,295.7099915,299.3442688,303.0091553,281.3018799,281.3018799,145601
11/25/2021,291.8111267,295.3974915,305.4053955,293.1891785,302.5862732,71037
11/26/2021,283.7349243,287.2220459,295.0216064,286.1413574,293.1891785,35698
11/29/2021,273.1987305,276.5563354,286.6582031,269.978363,280.9729614,80188
11/30/2021,277.6545715,281.0669556,297.2769165,266.7363892,287.1280518,100360
12/1/2021,281.1821289,284.6378479,287.5509338,275.8985291,286.6112366,40580
12/2/2021,284.7096558,288.2087402,290.3700562,281.7717285,286.0473938,42553
12/3/2021,285.452301,288.9605103,291.7326355,283.7921143,284.5438538,42582
12/6/2021,279.0934448,282.5234985,295.0686035,280.9729614,287.5509338,19170
12/7/2021,279.4647522,282.8993835,285.6715088,280.0332642,285.3426208,30766
12/8/2021,283.9670105,287.4569702,303.526001,283.4162292,283.4162292,40955
12/9/2021,288.3300171,291.8735962,296.0083008,286.8931274,289.3833618,25955
12/10/2021,291.8111267,295.3974915,296.8540649,291.4037476,291.4037476,19824
12/13/2021,287.5409546,291.0748291,299.7671509,289.6182861,299.7671509,37373
12/14/2021,288.5620728,292.1085205,294.5987549,291.3097839,291.3097839,11341
12/15/2021,287.4017334,290.9338989,293.3771362,288.4906311,290.3700562,18115
12/16/2021,282.1568298,285.6245422,292.7663269,284.7318115,292.5314026,15040
12/17/2021,281.0892639,284.5438538,293.1891785,281.9126892,286.4702759,32285
12/20/2021,270.3674011,273.6902161,290.3700562,268.8507385,290.3700562,28402
12/21/2021,273.4772034,276.8382568,288.0677795,270.6361694,274.3950195,45044
12/22/2021,275.2409668,278.6236877,285.4835815,277.2141418,279.2814941,27976
12/23/2021,280.5787354,284.0270386,285.6715088,279.7983398,280.7850342,19880
12/24/2021,276.6334229,280.0332642,284.7318115,278.1538391,283.8860779,10857
12/27/2021,272.0383606,275.3817139,281.9126892,272.5155945,280.0332642,15096
12/28/2021,281.8319092,285.2956238,286.6112366,277.7309875,279.5164185,15015
12/29/2021,285.2202148,288.7255859,293.5180969,284.4498901,287.5509338,17194
12/30/2021,283.4100037,286.8931274,291.3097839,283.9330444,286.6112366,11294
12/31/2021,284.9881287,288.4906311,291.2627869,287.6448975,289.1484375,10734
1/3/2022,299.469635,303.150116,304.8415833,288.4436646,291.0278625,95314
1/4/2022,291.5326538,295.1156006,314.5675659,291.1688232,306.8149719,98792
1/5/2022,294.6888733,298.3106079,305.4053955,292.9072876,295.0686035,38742
1/6/2022,295.4315186,299.0623779,302.5862732,292.2494812,302.5862732,29343
1/7/2022,306.6639404,310.4328613,314.4266052,293.7530212,302.5862732,111265
1/10/2022,303.5077209,307.2378235,314.8024902,306.3451233,313.4399109,37138
1/11/2022,306.5247192,310.2919006,318.3733826,307.6137085,307.8486328,57075
1/12/2022,305.5963745,309.3521729,313.862793,306.3451233,311.1376343,21778
1/13/2022,308.0099792,311.7954407,316.6819153,306.861969,307.6137085,25772
1/14/2022,312.2337341,316.071106,318.0914612,308.7883606,311.9833679,33798
1/17/2022,310.2843018,314.0977173,318.326416,311.8424072,318.0914612,23760
1/18/2022,300.0730286,303.7609253,316.6349182,300.7068481,313.862793,20464
1/19/2022,306.0605469,309.822052,314.8494873,296.0552979,300.9417725,45725
1/20/2022,301.5582886,305.2644348,311.0436707,301.6935425,307.4727783,11819
1/21/2022,289.5832214,293.1422119,306.3451233,287.5509338,304.3247375,31271
1/24/2022,277.7009583,281.1139221,293.9409485,279.0935669,290.3700562,21463
1/25/2022,282.6209717,286.0943909,288.4906311,275.5226746,279.0935669,16817
1/27/2022,281.599823,285.0606995,287.3630066,280.9729614,284.6848145,16890
1/28/2022,288.0515137,291.5916748,296.0083008,282.8523865,282.8523865,17600
1/31/2022,288.1443787,291.6856689,299.7671509,291.3097839,296.0083008,15224
2/1/2022,288.5620728,292.1085205,299.6731873,289.4303589,292.3434448,39575
2/2/2022,298.2628174,301.9284668,303.526001,293.1891785,297.6997986,18645
2/3/2022,300.3979187,304.0898132,307.7546692,299.7671509,303.526001,18374
2/4/2022,304.8537292,308.6004028,310.3388672,302.774231,305.4053955,22845
2/7/2022,299.4231873,303.1031189,313.3929443,300.7538452,313.3929443,16482
2/8/2022,300.8620605,304.5596619,309.8690186,295.2095642,303.526001,20429
2/9/2022,281.9247437,285.3896179,308.2245178,279.2814941,300.8008423,119950
2/10/2022,273.6164551,276.9792175,284.1210022,273.4552917,281.9126892,37602
2/11/2022,273.987793,277.3551025,280.0802612,274.1600952,276.9792175,17263
2/14/2022,259.2278137,262.4137268,272.5155945,260.3463745,272.5155945,25932
2/15/2022,259.6455383,262.8365784,273.4083252,257.9501038,258.0440674,19979
2/16/2022,261.6878052,264.9039612,270.1193237,262.8365784,270.1193237,17910
2/17/2022,264.8904114,268.1459351,272.5155945,263.5883484,266.2195435,11943
2/18/2022,262.0126953,265.2328491,267.7230835,264.3401184,267.5821228,4680
2/21/2022,250.9195251,254.0033264,265.2328491,253.7214203,265.2328491,23085
2/22/2022,237.6912384,240.6124725,252.2178802,237.5114288,249.9625702,33708
2/23/2022,244.8855743,247.8952179,249.8686066,243.4785919,243.6195374,13983
2/24/2022,223.9988251,226.75177,243.1966705,225.6710968,242.4449005,31155
2/25/2022,235.3240814,238.216217,239.6257782,233.047821,233.8465729,20456
2/28/2022,230.9146423,233.752594,238.8270264,228.8661194,238.1692352,22545
3/2/2022,234.9063416,237.7933502,239.5787964,229.8058167,232.7658997,16811
3/3/2022,242.936142,245.9218292,252.1708984,242.2099762,242.3039551,24475
3/4/2022,237.5984192,240.5185089,248.0831604,234.9272308,248.0831604,9982
3/7/2022,233.5603027,236.4307709,238.1692352,230.416626,236.8066559,15988
3/8/2022,241.6365204,244.6062317,248.0831604,227.456543,227.456543,13336
3/9/2022,254.2149811,257.3392944,258.4199524,248.0831604,248.0831604,16820
3/10/2022,245.999527,249.0228729,262.4137268,243.1966705,261.6149597,38822
3/11/2022,243.7251892,246.7205811,252.7817078,242.5388794,248.5060272,13773
3/14/2022,244.6535034,247.6602936,252.7817078,246.7675629,252.7817078,18996
3/15/2022,246.0459442,249.0698547,255.2719269,247.5193329,252.734726,16334
3/16/2022,248.6916046,251.7480316,255.4128876,249.6806641,255.4128876,31398
3/17/2022,251.8942413,254.9900208,259.2187195,253.5334778,257.1043701,26311
3/21/2022,248.4595184,251.513092,259.3596802,248.1301422,257.4802551,18720
3/22/2022,244.7927399,247.8012543,254.6141357,245.3110199,251.2781677,11819
3/23/2022,239.8263397,242.7738037,252.5937653,241.8340912,250.0095673,23947
3/24/2022,236.0202942,238.92099,244.8411713,237.7463684,242.4449005,24511
3/25/2022,229.3365326,232.1550903,242.9147644,230.3226624,239.7197571,45722
3/28/2022,220.0071259,222.7110138,233.047821,221.3484344,232.1550903,36580
3/29/2022,221.1210785,223.8386688,228.3022919,221.3484344,228.3022919,59188
3/30/2022,223.534668,226.2819061,230.2286835,223.8386688,225.5301514,51308
3/31/2022,216.6188354,219.2810822,230.1347198,216.1330566,226.1879425,73912
4/1/2022,248.1346283,251.1842041,263.0245361,222.7580109,223.6507263,121657
4/4/2022,263.5908203,266.8303528,273.8311768,255.1309814,258.4199524,133931
4/5/2022,261.7342224,264.9509277,275.9925232,259.8764954,275.9925232,46421
4/6/2022,269.5783691,272.8914795,274.3950195,265.8906555,267.8170471,30710
4/7/2022,260.6202393,263.8232727,275.3347168,261.2390747,272.8914795,25141
4/8/2022,276.6334229,280.0332642,281.8187256,262.9305725,271.0120544,59853
4/11/2022,289.7224731,293.2831726,299.5792236,280.0332642,281.8656921,111302
4/12/2022,280.8571777,284.3089294,293.2831726,283.7921143,293.2831726,32287
4/13/2022,276.3085327,279.7043762,290.3700562,277.2141418,289.4303589,18766
4/18/2022,271.8526917,275.1937561,278.7646484,273.5022888,278.1538391,13043
4/19/2022,259.9240417,263.1184998,280.0332642,255.8357544,278.0598755,23573
4/20/2022,260.2489319,263.4473877,267.8170471,260.7692261,264.058197,31493
4/21/2022,270.5530701,273.8781738,276.6033325,263.5883484,263.5883484,28089
4/22/2022,269.160614,272.4685974,274.3950195,269.6964722,273.1734009,12228
4/25/2022,262.7553406,265.9846191,270.1663208,263.5413818,270.1663208,14676
4/26/2022,260.6666565,263.8702698,270.5892029,263.1184998,263.1184998,10490
4/27/2022,252.6368713,255.7417908,264.6220398,252.6407471,262.1788025,21085
4/28/2022,258.5780029,261.7559204,264.9509277,258.9367981,260.6752625,10936
4/29/2022,257.3247681,260.4873047,264.2461548,258.6079102,258.6079102,7259
5/2/2022,252.265564,255.3659058,260.8162231,249.1168365,259.6885681,7882
5/4/2022,247.5312347,250.5733948,259.6885681,249.0228729,259.6885681,8291
5/5/2022,238.0161591,240.9413757,255.0370026,240.5654907,253.7214203,16821
5/6/2022,236.8093719,239.7197571,243.2906494,232.6249542,237.7463684,13492
5/9/2022,231.1931458,234.0345154,240.8473969,232.6249542,239.7197571,10676
5/10/2022,232.8640747,235.7259827,239.3908539,214.8644562,236.8066559,12055
5/11/2022,224.6486206,227.4095612,235.7259827,225.624115,235.7259827,15115
5/12/2022,223.1633606,225.9060364,237.6054077,221.0665283,227.456543,39898
5/13/2022,209.331665,211.9043579,220.831604,211.199585,212.5151825,63934
5/16/2022,214.0660095,216.6968842,221.7713165,212.32724,213.783783,30909
5/17/2022,215.2263794,217.871521,220.7376251,212.8440704,216.6968842,27696
5/18/2022,221.1210785,223.8386688,227.080658,215.287323,220.6906433,18497
5/19/2022,213.9267578,216.5559235,221.7713165,213.3139343,213.3139343,10484
5/20/2022,217.8256226,220.5027008,222.9459381,215.7101898,220.831604,12657
5/23/2022,215.3192139,217.9654846,222.1941833,216.1330566,221.6773376,7235
5/24/2022,210.1207428,212.703125,221.4893951,209.8839874,218.952179,7473
5/25/2022,198.0992432,200.5338898,217.9654846,198.8894043,212.703125,13332
5/26/2022,198.2384949,200.6748505,202.9301453,193.5800476,197.3388824,15172
5/27/2022,204.3188629,206.8299408,209.5550995,202.7891846,204.8095703,6564
5/30/2022,212.2093964,214.8174591,221.2544708,211.4345093,221.2544708,9574
5/31/2022,208.3569489,210.9176636,216.0390778,206.6419983,214.4885712,4655
6/1/2022,216.526001,219.1871033,220.6906433,211.8573761,212.703125,7059
6/2/2022,216.7116547,219.3750458,221.6303558,218.0124664,219.6099854,4468
6/3/2022,221.910141,224.6374207,227.4095612,219.8918915,223.6977081,11966
6/6/2022,219.1716614,221.8652802,226.4698486,220.5027008,225.7180939,5479
6/7/2022,210.8169556,213.4078979,221.3954315,211.9043579,221.3954315,10274
6/8/2022,206.2682953,208.8033295,220.831604,207.6756744,217.5895996,9428
6/9/2022,206.3146973,208.8503113,212.3742218,205.2794189,208.8033295,6072
6/10/2022,209.1924286,211.7634125,213.3139343,205.2324371,207.7226563,5650
6/13/2022,205.8041229,208.3334656,210.9646606,203.9168396,209.5550995,7081
6/14/2022,205.8969727,208.4274445,210.9646606,202.9771271,202.9771271,5386
6/15/2022,205.7577209,208.2864838,210.5417938,207.6756744,209.5550995,3078
6/16/2022,199.9094238,202.3663177,210.8237,201.9904327,208.239502,5629
6/17/2022,194.4788666,196.8690186,201.7555084,195.1775513,201.7555084,8504
6/20/2022,188.0271912,190.3380432,204.8565521,188.0357513,204.8565521,23663
6/21/2022,199.0739594,201.5205841,201.8024902,187.9417877,194.2378387,12526
6/22/2022,196.8924561,199.3122711,204.0108032,192.6403351,201.0977173,6021
6/23/2022,200.9305573,203.3999939,204.8565521,196.4461517,196.4461517,4359
6/24/2022,204.0403595,206.5480194,209.0382538,202.0374146,203.3999939,5862
6/27/2022,206.7324371,209.2731781,211.3405457,205.7962494,211.3405457,4565
6/28/2022,201.812439,204.2927246,208.1925201,203.071106,207.6756744,10617
6/29/2022,193.7362213,196.1172485,203.2590485,194.5197449,203.2590485,24899
6/30/2022,190.7656708,193.1101837,196.1172485,192.3114319,195.4594574,10072
7/1/2022,187.2845459,189.5862732,194.6137238,187.9887695,194.6137238,13711
7/4/2022,182.1324768,184.3708954,190.1501007,182.3035278,190.1501007,38991
7/5/2022,177.9551239,180.1421967,186.1563416,179.3434448,186.1563416,34717
7/6/2022,169.8325043,171.919754,180.7530212,170.6041565,179.8602905,43569
7/7/2022,180.8328552,183.0552979,183.9950104,172.2016602,172.2016602,38831
7/8/2022,181.7147522,183.9480286,190.76091,179.4844055,190.76091,40941
7/11/2022,181.3898468,183.6191254,186.9550934,183.2432404,183.9480286,10899
7/12/2022,181.6683197,183.9010315,186.0153809,182.3035278,184.1829529,5941
7/13/2022,181.0185242,183.2432404,185.592514,180.5180817,183.9010315,7575
7/14/2022,178.6977692,180.8939667,185.1226654,180.424118,185.1226654,4940
7/15/2022,178.8834229,181.0819092,183.1962585,178.544693,181.3638306,5590
7/18/2022,183.3392639,185.592514,187.0020752,183.0552979,183.2432404,10133
7/19/2022,184.6389008,186.9081116,187.0020752,183.5721436,185.1696472,8570
7/20/2022,196.1034088,198.5135193,201.0977173,186.1563416,187.0020752,80398
7/21/2022,194.4788666,196.8690186,200.9567566,194.4727631,200.1110229,22552
7/22/2022,219.6822205,222.3821259,226.8457336,195.9763031,197.3388824,264171
7/25/2022,216.2010956,218.8582153,225.24823,216.2270203,222.288147,43979
7/26/2022,210.5848846,213.1729736,220.7376251,208.5214081,220.7376251,37695
7/27/2022,207.8463898,210.4008331,213.3139343,205.7962494,212.703125,24897
7/28/2022,212.0237427,214.6295166,217.9185028,209.2261963,209.2261963,31999
7/29/2022,205.7577209,208.2864838,214.535553,206.7359619,212.9380493,22366
8/1/2022,210.4456329,213.0320129,214.159668,208.615387,210.1189117,16081
8/2/2022,213.462616,216.0860748,218.4823303,206.7359619,206.7359619,26704
8/3/2022,210.3992157,212.9850311,216.0860748,211.4345093,214.8174591,15368
8/4/2022,210.1207428,212.703125,218.1534271,207.2528076,213.2199554,18935
8/5/2022,211.1882782,213.783783,217.6835785,208.7563324,208.7563324,36400
8/8/2022,211.1882782,213.783783,217.0257721,211.9043579,214.2066498,29586
8/10/2022,200.6056519,203.071106,209.5550995,202.0374146,209.5550995,61742
8/11/2022,196.2890625,198.7014618,205.7962494,197.3858643,205.7962494,28086
8/12/2022,198.3777313,200.8157959,202.5072784,198.7954254,198.7954254,15994
8/16/2022,208.1713104,210.7297363,216.1330566,199.0303497,199.7351379,47783
8/17/2022,207.4286652,209.9779663,216.1330566,206.9708862,214.8644562,23849
8/18/2022,212.2093964,214.8174591,216.8848267,207.7696533,210.0249481,82635
8/19/2022,212.3022461,214.911438,224.4024963,213.0320129,213.3139343,93501
8/22/2022,207.0573425,209.6020813,214.6765137,208.4274445,214.6765137,19430
8/23/2022,217.268631,219.9388733,222.6170502,206.7359619,206.7359619,95059
8/24/2022,217.6399536,220.3147583,222.7110138,216.2270203,219.8918915,55302
8/25/2022,211.5131836,214.1126862,220.831604,212.6091461,220.831604,27104
8/26/2022,212.0701599,214.6765137,220.5966797,213.2669373,217.3076935,18239
8/29/2022,205.3863983,207.9105988,214.159668,194.2378387,213.3609161,36528
8/30/2022,213.1377106,215.7571716,216.743866,209.6960449,212.3742218,35936
9/1/2022,214.1588287,216.7908478,220.831604,214.0656891,216.1330566,33214
9/2/2022,216.0618439,218.7172546,221.7243195,216.1330566,216.1330566,26003
9/5/2022,224.3701477,227.127655,233.9875183,219.8918915,221.7713165,106551
9/6/2022,217.5471344,220.2207947,231.0744324,217.7305603,229.2419891,61484
9/7/2022,229.3829498,232.2020721,234.6923065,219.7979279,220.7846222,78217
9/8/2022,228.3022919,228.3022919,236.1018677,226.7987518,234.5513458,38737
9/9/2022,253.9563446,253.9563446,273.9251404,234.3634033,234.6453247,732885
9/12/2022,248.6469879,248.6469879,256.2586365,246.7205811,255.6008301,76640
9/13/2022,245.9218292,245.9218292,251.7480316,245.2640381,251.7480316,35334
9/14/2022,251.8889771,251.8889771,258.1850281,235.9139252,239.6257782,94258
9/15/2022,249.5867004,249.5867004,256.2586365,244.3713074,253.9093475,56896
9/16/2022,236.1958466,236.1958466,250.3854523,233.5646515,249.0228729,66898
9/19/2022,235.0212097,235.0212097,242.8207855,233.9875183,241.2232819,42862
9/20/2022,248.177124,248.177124,250.2914734,233.1417847,238.4041595,126374
9/21/2022,251.2311859,251.2311859,253.2515564,246.7675629,249.4927216,76737
9/22/2022,248.6939697,248.6939697,256.5405273,242.4449005,251.1842041,44378
9/23/2022,235.8199615,235.8199615,250.3384552,234.1754608,248.7409515,30971
9/26/2022,222.0062408,222.0062408,233.376709,219.328064,229.2889862,39950
9/27/2022,226.0939636,226.0939636,231.168396,217.0727692,221.7713165,14542
9/28/2022,223.791687,223.791687,233.047821,221.7713165,225.5301514,20836
9/29/2022,222.5230713,222.5230713,230.2286835,220.831604,230.2286835,16405
9/30/2022,227.50354,227.50354,232.0611267,221.912262,222.664032,16804
10/3/2022,222.9459381,222.9459381,229.0540466,220.9255676,225.5301514,18831
10/4/2022,226.0469818,226.0469818,230.7455292,225.624115,227.3625793,7651
10/6/2022,228.5372162,228.5372162,233.047821,226.0469818,227.9733887,15038
10/7/2022,226.375885,226.375885,233.047821,225.3422089,232.0141296,22758
10/10/2022,224.0735931,224.0735931,225.4361725,221.3954315,223.4627838,13046
10/11/2022,222.0532227,222.0532227,228.208313,219.7979279,220.9255676,36029
10/12/2022,217.9185028,217.9185028,222.288147,213.0789948,222.288147,34830
10/13/2022,215.1463623,215.1463623,220.831604,212.5621643,212.5621643,10540
10/14/2022,211.2465668,211.2465668,220.5027008,210.4947968,217.5426178,15274
10/17/2022,210.9646606,210.9646606,213.7368011,208.6623688,211.4345093,15179
10/18/2022,214.7234955,214.7234955,219.7979279,211.9043579,214.7234955,10732
10/19/2022,212.8440704,212.8440704,215.9451141,211.57547,212.6561279,7349
10/20/2022,215.2403259,215.2403259,218.3413696,209.6490631,211.6224518,5901
10/21/2022,212.5621643,212.5621643,220.1268158,210.2598724,215.9920959,11583
10/24/2022,215.4282684,215.4282684,216.8378296,206.7359619,212.5621643,3603
10/25/2022,210.4008331,210.4008331,216.1330566,209.5550995,215.4282684,19477
10/27/2022,204.7625732,204.7625732,212.0453186,201.9904327,212.0453186,27597
10/28/2022,201.7555084,201.7555084,206.7359619,200.2049866,204.7625732,11454
10/31/2022,203.7288971,203.7288971,205.7492676,198.6074829,203.7758789,29050
11/1/2022,204.9505157,204.9505157,210.4478149,202.9771271,205.5613251,15619
11/2/2022,205.1854401,205.1854401,211.4345093,203.6349335,209.0382538,15565
11/3/2022,204.1047821,204.1047821,207.6756744,202.0374146,205.1854401,18895
11/4/2022,206.4540558,206.4540558,209.5550995,204.0108032,204.1517639,22030
11/7/2022,208.7563324,208.7563324,211.3405457,204.8565521,210.4947968,17510
11/9/2022,201.1916809,201.1916809,205.7492676,199.2182922,205.7492676,45974
11/10/2022,197.9496918,197.9496918,201.9434509,197.4328461,198.2785797,10911
11/11/2022,200.0640259,200.0640259,204.6216278,198.0906372,198.2785797,17943
11/14/2022,199.8760834,199.8760834,202.5072784,198.2785797,200.1580048,11499
11/15/2022,199.6881561,199.6881561,204.7625732,197.3388824,201.0037384,27854
11/16/2022,201.5205841,201.5205841,205.7492676,199.265274,199.265274,10746
11/17/2022,201.6145477,201.6145477,205.2794189,198.2785797,201.0977173,19174
11/18/2022,209.8370056,209.8370056,210.4947968,199.5941772,202.6012421,39446
11/21/2022,207.5817108,207.5817108,209.7900238,205.7962494,205.7962494,7985
11/22/2022,207.1118469,207.1118469,210.4008331,204.8565521,204.8565521,19197
11/23/2022,208.8972931,208.8972931,210.4478149,206.7359619,207.1118469,15213
11/24/2022,212.1862793,212.1862793,217.9654846,206.7359619,208.6623688,57256
11/25/2022,212.3742218,212.3742218,216.4149628,209.0382538,212.1392975,20340
11/28/2022,214.9584198,214.9584198,216.1330566,207.9105988,212.1392975,14113
11/29/2022,221.6303558,221.6303558,224.5904388,208.8033295,208.8033295,42921
11/30/2022,221.3484344,221.3484344,222.7110138,218.7642365,221.7713165,14597
12/1/2022,224.49646,224.49646,226.9866943,219.6099854,223.5567627,30314
12/2/2022,226.6577911,226.6577911,228.960083,221.7713165,223.6977081,20785
12/5/2022,224.120575,224.120575,228.7721405,222.7110138,227.7854462,17888
12/6/2022,239.1089325,239.1089325,244.0424042,224.120575,224.4494781,151367
12/7/2022,236.1958466,236.1958466,243.384613,234.3634033,243.384613,30466
12/8/2022,237.5584259,237.5584259,242.3979187,236.9006195,238.0752563,23857
12/9/2022,241.5521851,241.5521851,248.2711029,237.1355438,242.5388794,90095
12/12/2022,236.7596741,236.7596741,243.384613,235.6790009,243.384613,33051
12/13/2022,236.9006195,236.9006195,240.048645,231.3563385,236.4777527,54405
12/14/2022,230.6985474,230.6985474,239.0619507,229.2889862,235.8669434,75756
12/15/2022,226,226,234.1754608,224.9193268,233.2357635,97614
12/16/2022,219.5,219.5,232.1999969,217.8000031,229.8000031,107138
12/19/2022,216.8000031,216.8000031,222.6999969,215.5,222,26834
12/20/2022,214.3999939,214.3999939,220,212.5500031,216,23740
12/21/2022,207.6999969,207.6999969,216.5,206.1000061,216.3999939,26219
12/22/2022,206.9499969,206.9499969,211.8500061,195.1999969,206,19329
12/23/2022,199.0500031,199.0500031,204.8500061,196.5500031,204.8500061,31311
12/26/2022,205.6499939,205.6499939,207.3999939,197.5,201,14476
12/27/2022,206.6000061,206.6000061,208.1000061,204.8999939,205,9610
12/28/2022,207.9499969,207.9499969,209,205.8500061,209,16372
12/29/2022,207.75,207.75,208.8999939,205.6000061,207.5,10119
12/30/2022,207.5,207.5,210.25,206.1000061,207.6499939,23758
1/2/2023,205.6000061,205.6000061,211.6499939,204.3999939,211,19548
1/3/2023,207.1999969,207.1999969,208.4499969,204.75,204.8000031,20076
1/4/2023,207.1499939,207.1499939,210,206.8500061,207.75,14798
1/5/2023,206.4499969,206.4499969,208.1499939,205.8999939,207.1499939,5137
1/6/2023,204.8999939,204.8999939,208.4499969,203.5500031,207,6816
1/9/2023,207,207,208,206.25,206.8500061,7099
1/10/2023,204.1000061,204.1000061,206.8999939,203.5500031,205.0500031,5332
1/11/2023,203.1499939,203.1499939,204.8000031,201.3999939,204.1000061,8082
1/12/2023,203.1499939,203.1499939,204.3500061,201.0500031,203.25,18075
1/13/2023,206.6000061,206.6000061,207.8999939,201.1999969,203.1499939,22476
1/16/2023,205.75,205.75,207.5500031,205.3000031,206.3500061,18502
1/17/2023,203.1000061,203.1000061,205.0500031,202.1499939,202.1499939,8448
1/18/2023,202.9499969,202.9499969,204.8999939,201.5500031,203.1000061,11454
1/19/2023,203.1000061,203.1000061,204.25,200.9499969,203,14543
1/20/2023,199.6000061,199.6000061,204.8999939,195.3999939,204,11221
1/23/2023,195.5,195.5,201.8999939,193,200.3000031,12845
1/24/2023,193.1499939,193.1499939,199.25,192.5,197,11799
1/25/2023,191,191,195.1999969,189,194.1000061,21831
1/27/2023,190.3000031,190.3000031,195.5500031,185.25,191.8500061,14698
1/30/2023,188.1000061,188.1000061,194,185.8999939,193.9499969,10073
1/31/2023,195.5500031,195.5500031,200.8000031,186.75,191.8500061,24943
2/1/2023,188.0500031,188.0500031,194,186.0500031,191.1999969,42784
2/2/2023,186,186,188.25,184.1499939,187.5,11623
2/3/2023,186.3500061,186.3500061,188.75,182.5,186,13940
2/6/2023,182.1000061,182.1000061,186.9499969,180.8500061,186.3500061,13615
2/7/2023,181.9499969,181.9499969,186,178.8000031,186,19886
2/8/2023,181.8999939,181.8999939,187.4499969,180.0500031,183.75,19296
2/9/2023,180.1499939,180.1499939,183.25,177.5500031,183.25,37335
2/10/2023,182.3999939,182.3999939,184.8000031,179.5,180,18584
2/13/2023,181.8999939,181.8999939,183.6499939,178.5500031,183.6499939,11356
2/14/2023,178.5500031,178.5500031,183.5,177.5500031,183.5,9247
2/15/2023,178.8500061,178.8500061,179.8000031,176.6499939,178.6000061,10992
2/16/2023,178.6999969,178.6999969,179.8500061,176.25,176.25,5440
2/17/2023,176.1999969,176.1999969,180.8999939,175.1499939,178.4499969,15670
2/20/2023,171.5,171.5,177.6999969,171,176.0500031,24249
2/21/2023,172,172,173.5,170.1000061,171.5,10031
2/22/2023,167.8000031,167.8000031,173.0500031,167.5,171.8500061,18217
2/23/2023,168.3500061,168.3500061,170,166.1000061,170,10701
2/24/2023,167,167,170.5,166,170.5,7510
2/27/2023,163.25,163.25,167.9499969,162.5,167,6363
2/28/2023,162.1000061,162.1000061,164.6499939,161.3000031,163.25,17959
3/1/2023,166.75,166.75,168.25,161,164.3000031,12175
3/2/2023,170.8500061,170.8500061,171.1000061,165.5500031,167.25,7831
3/3/2023,175.3500061,175.3500061,176.1999969,170.8500061,170.8500061,15175
3/6/2023,171.3000031,171.3000031,176,170.1000061,175.8500061,21420
3/8/2023,169.3500061,169.3500061,172.9499969,168.6999969,171.3000031,13491
3/9/2023,170.6999969,170.6999969,171.8000031,169,169,17064
3/10/2023,169.3999939,169.3999939,171.5500031,168.5500031,170.5,21597
3/13/2023,164.5500031,164.5500031,169,164.3500061,168.3000031,29177
3/14/2023,159.1999969,159.1999969,167.3000031,159,167.3000031,20136
3/15/2023,153.3999939,153.3999939,161.0500031,153,160,51686
3/16/2023,155.8999939,155.8999939,156.8999939,152.1000061,153.8500061,54129
3/17/2023,155.1999969,155.1999969,159.8000031,152.25,157.8000031,34960
3/20/2023,153,153,155.1999969,152,155.1999969,25857
3/21/2023,154.5500031,154.5500031,155,150.8000031,151.5,26293
3/22/2023,153.6000061,153.6000061,156.25,152.8000031,156.25,15119
3/23/2023,153.25,153.25,154,152,153.6000061,10738
3/24/2023,152.5,152.5,153.0500031,151.3999939,153.0500031,14924
3/27/2023,148.0500031,148.0500031,153.9499969,147.1000061,151.3999939,16988
3/28/2023,143.1000061,143.1000061,149,140.6499939,149,37336
3/29/2023,144.8000031,144.8000031,147.0500031,143.5,143.8000031,44275
3/31/2023,143.6000061,143.6000061,150,142.5500031,147.25,29710
4/3/2023,155,155,156.5,144,146.0500031,48943
4/5/2023,161.8000031,161.8000031,164.75,153.8000031,153.8000031,40247
4/6/2023,172.6000061,172.6000061,180,162,162,63140
4/10/2023,171.1000061,171.1000061,174.6999969,166,174.6999969,30341
4/11/2023,172.1000061,172.1000061,173.9499969,170.1499939,171.1000061,13743
4/12/2023,176.1499939,176.1499939,177.25,171.8000031,172.1000061,20426
4/13/2023,176.3500061,176.3500061,177.3500061,174.1499939,177.3500061,14033
4/17/2023,177.0500031,177.0500031,178,173.3000031,176.3500061,15110
4/18/2023,178.1000061,178.1000061,179,174.3999939,178,14378
4/19/2023,178.75,178.75,179.5500031,176,179.5,10732
4/20/2023,179.6499939,179.6499939,181.75,175.0500031,178.75,14584
4/21/2023,181.1999969,181.1999969,182.5,178.5,179.4499969,9968
4/24/2023,177.8999939,177.8999939,181.1999969,176.8000031,181.1999969,9435
4/25/2023,177.3500061,177.3500061,180.8500061,175.8999939,180.8500061,9785
4/26/2023,177.75,177.75,179.4499969,176.5500031,177.5500031,7086
4/27/2023,177.6999969,177.6999969,179.3000031,176.9499969,177.8000031,7622
4/28/2023,179.8999939,179.8999939,181.6499939,176.5,177.75,12324
5/2/2023,184.5,184.5,186,179.1000061,182,13333
5/3/2023,185.3500061,185.3500061,188,181.0500031,184.6999969,7756
5/4/2023,187,187,189,181.6000061,184,15976
5/5/2023,184.1499939,184.1499939,188.25,182.75,188.25,7642
5/8/2023,181.1999969,181.1999969,185.3000031,179.5500031,184.3999939,11159
5/9/2023,182.5,182.5,186.5,178.6999969,183,10297
5/10/2023,180.0500031,180.0500031,182.8999939,176.5,176.5,6238
5/11/2023,179.9499969,179.9499969,183.1000061,179,183.1000061,5365
5/12/2023,179.3000031,179.3000031,181,178.1000061,179.9499969,3884
5/15/2023,181.0500031,181.0500031,181.9499969,178.3999939,178.9499969,3304
5/16/2023,179.8999939,179.8999939,180.9499969,179,180.9499969,2531
5/17/2023,178.6999969,178.6999969,181.3000031,176.6000061,180,5288
5/18/2023,177.8500061,177.8500061,180.1999969,177.1999969,180,4441
5/19/2023,177.3000031,177.3000031,179.1000061,176.75,178.1000061,5423
5/22/2023,179.3999939,179.3999939,181,176.5,178.8999939,7515
5/23/2023,180.4499969,180.4499969,185,177.6000061,180,7740
5/24/2023,179.0500031,179.0500031,181.6499939,177.8500061,180.4499969,7757
5/25/2023,177.1499939,177.1499939,179.0500031,176.5,179.0500031,5361
5/26/2023,169.4499969,169.4499969,180,166.5500031,180,50653
5/29/2023,162.75,162.75,170.3999939,159.3500061,170.3999939,33909
5/30/2023,162,162,164.3999939,158.6000061,162.8500061,20956
5/31/2023,162.6999969,162.6999969,163.3000031,160,162,8910
6/1/2023,165.3999939,165.3999939,166.1999969,162.8500061,163.1999969,8329
6/2/2023,172,172,180,166.3999939,168.0500031,27639
6/5/2023,191.6000061,191.6000061,198.1999969,173.1000061,175.75,141427
6/6/2023,196,196,198,191.6000061,195,64664
6/7/2023,198.5,198.5,199.75,191.1000061,197.4499969,34548
6/8/2023,188.1499939,188.1499939,198.5,186.6499939,198.5,16177
6/9/2023,189.5,189.5,196.8999939,183.3000031,190.75,9673
6/12/2023,185.5,185.5,193.25,179.1499939,193.25,16559
6/13/2023,189.6499939,189.6499939,194.8999939,184.75,185.5,9758
6/14/2023,185.9499969,185.9499969,191.5500031,184.1999969,191.5500031,10117
6/15/2023,193.5,193.5,198,181.25,185.1000061,34721
6/16/2023,190.0500031,190.0500031,196.9499969,187.1999969,195.9499969,19343
6/19/2023,190.1499939,190.1499939,193.5500031,189,190.3000031,8623
6/20/2023,187.3999939,187.3999939,189.8999939,186.8999939,189.8999939,5822
6/21/2023,185.5,185.5,190.1999969,182,187.5500031,24624
6/22/2023,182.6000061,182.6000061,188.1000061,181.5500031,186,11549
6/23/2023,182.8000031,182.8000031,184.6000061,181.1499939,183.8500061,8820
6/26/2023,181.6499939,181.6499939,184,178.25,178.25,5741
6/27/2023,186.8000031,186.8000031,188,184,184.6000061,9080
6/28/2023,187.3000031,187.3000031,189.3999939,186.0500031,187.8000031,6860
6/30/2023,186.6999969,186.6999969,190,184.25,187.3500061,7756
7/3/2023,188.8999939,188.8999939,190,187,188.1000061,12297
7/4/2023,185.1000061,185.1000061,188.9499969,184.8000031,187.5,9980
7/5/2023,184.5500031,184.5500031,187.5500031,182,182.1499939,12165
7/6/2023,183.8000031,183.8000031,186.4499969,182.0500031,186.3999939,11688
7/7/2023,179.8500061,179.8500061,183.9499969,179.1999969,183.8000031,26781
7/10/2023,181.75,181.75,182.8999939,175.1000061,182.6999969,12836
7/11/2023,179.3500061,179.3500061,183.8000031,179,180,7387
7/12/2023,181.1000061,181.1000061,182.3000031,178.5500031,182,11447
7/13/2023,180.6000061,180.6000061,182,175.75,179.0500031,12744
7/14/2023,180.3000031,180.3000031,182,179.25,179.3000031,7749
7/17/2023,184.3500061,184.3500061,186.5500031,176.3999939,176.3999939,20943
7/18/2023,185.5500031,185.5500031,187,181.1000061,184.8999939,14535
7/19/2023,183,183,187,182.6000061,185.6999969,7456
7/20/2023,182.3500061,182.3500061,183.8999939,181.1999969,182,5372
7/21/2023,184.8000031,184.8000031,187,180.5500031,181,8502
7/24/2023,184.4499969,184.4499969,187,183,186.8000031,5674
7/25/2023,183.8999939,183.8999939,185,182.6999969,183.25,10584
7/26/2023,193.8500061,193.8500061,194.9499969,183.5500031,185,48052
7/27/2023,197.8500061,197.8500061,201.3999939,196,197.4499969,43242
7/28/2023,194,194,198.8000031,192.6000061,197.8000031,13663
7/31/2023,191.1999969,191.1999969,197.1499939,189.4499969,197.1499939,23468
8/1/2023,189.5,189.5,194.3500061,186.8000031,193.6499939,29197
8/2/2023,188.25,188.25,191.5,187.1999969,190.4499969,12276
8/3/2023,196.6499939,196.6499939,198,186.3999939,188.1499939,27929
8/4/2023,196.8500061,196.8500061,199.3999939,193.1000061,199.3999939,13898
8/7/2023,198.3500061,198.3500061,203,196.0500031,199.8000031,38592
8/8/2023,199.75,199.75,205.4499969,190.3999939,200.3000031,76371
8/9/2023,203.3500061,203.3500061,204.6999969,197.1999969,197.1999969,18476
8/10/2023,201.3999939,201.3999939,207,200.5,203.3500061,24934
8/11/2023,194.8500061,194.8500061,203,193.3500061,202,21891
8/14/2023,190.0500031,190.0500031,194.6499939,187.0500031,194.6499939,26810
8/16/2023,189.1999969,189.1999969,193,188.3000031,190.0500031,8737
8/17/2023,192.25,192.25,192.75,188.5,188.5,8814
8/18/2023,187.75,187.75,192.6999969,186.0500031,192.6999969,11805
8/21/2023,188.3999939,188.3999939,192.9499969,187,190.5500031,27052
8/22/2023,187.5500031,187.5500031,191.3000031,186.8000031,187.6999969,21069
8/23/2023,187.25,187.25,190.3500061,186.5,190.3500061,11529
8/24/2023,187.25,187.25,190,187,189.8000031,60378
8/25/2023,186.9499969,186.9499969,189.1000061,185.4499969,187.25,44153
8/28/2023,187.1000061,187.1000061,189.9499969,185.1000061,188.5,20354
8/29/2023,184.6000061,184.6000061,188,182.6499939,188,17606
8/30/2023,187.1000061,187.1000061,189.3500061,185.5,186.9499969,24362
8/31/2023,187.75,187.75,188.9499969,186.1999969,187.6499939,9126
9/1/2023,186.1499939,186.1499939,189.25,185.0500031,189.25,23245
9/4/2023,188.1499939,188.1499939,191.5500031,185.9499969,186,49691
9/5/2023,191.1999969,191.1999969,193.9499969,188.1499939,188.1999969,48079
9/6/2023,198.0500031,198.0500031,199,192.5,196,66401
9/7/2023,196.5500031,196.5500031,200.3000031,195,198.1000061,37804
9/8/2023,194.6000061,194.6000061,201.8999939,193.6499939,199.5,24604
9/11/2023,189.75,189.75,196,188.8000031,194,37316
9/12/2023,184,184,192.6000061,181.4499969,192.6000061,56609
9/13/2023,186.1000061,186.1000061,188.5,184.1999969,184.1999969,16569
9/14/2023,189,189,191.0500031,186.1000061,188.5,23160
9/15/2023,187.3999939,187.3999939,191.25,186,191.25,19150
9/18/2023,181.75,181.75,190,180.8500061,190,41993
9/20/2023,179.3000031,179.3000031,182.8999939,179,182.6000061,25663
9/21/2023,178.8000031,178.8000031,181.1499939,178.1499939,178.1499939,11619
9/22/2023,184.1999969,184.1999969,188,175.1000061,180.1000061,48473
9/25/2023,187.9499969,187.9499969,189,181.1999969,184.1999969,32356
9/26/2023,189.3000031,189.3000031,190.3500061,186.0500031,190.3500061,12713
9/27/2023,191.1000061,191.1000061,192,187.6000061,192,16112
9/28/2023,188.5500031,188.5500031,193.6999969,187.5500031,191.8500061,9763
9/29/2023,190.3500061,190.3500061,195.9499969,185.1499939,185.1499939,18184
10/3/2023,184.8000031,184.8000031,190.8500061,184.1999969,190.8500061,36243
10/4/2023,182.6999969,182.6999969,187.75,182.1000061,184.8000031,8987
10/5/2023,182.8500061,182.8500061,184.8500061,181.5500031,184.8500061,18417
10/6/2023,183.1499939,183.1499939,185.1000061,182,182,9422
10/9/2023,180.1999969,180.1999969,186.1999969,179.75,182.6999969,22407
10/10/2023,182.3000031,182.3000031,182.8500061,180.3500061,180.3999939,6049
10/11/2023,183.6499939,183.6499939,184,182,182.5,11215
10/12/2023,188.4499969,188.4499969,189.1499939,183.8500061,185.8000031,45889
10/13/2023,189.5,189.5,192,187.4499969,189,23790
10/16/2023,187.5,187.5,190.8000031,186.3000031,190.8000031,16213
10/17/2023,188.0500031,188.0500031,190.3999939,186,186,15254
10/18/2023,186.3999939,186.3999939,190.6999969,186.1999969,190.6999969,18489
10/19/2023,217.1000061,217.1000061,221.8999939,186.25,186.3999939,1130881
10/20/2023,212.1499939,212.1499939,219.6499939,211.1499939,217.5,205218
10/23/2023,197.1000061,197.1000061,215,195.1000061,214.75,176186
10/25/2023,191.8999939,191.8999939,201.1000061,190.5,200.1000061,54066
10/26/2023,191.8500061,191.8500061,192.75,187.1000061,191.8500061,46157
10/27/2023,195.6000061,195.6000061,197.9499969,191.3999939,191.8500061,34625
10/30/2023,194.25,194.25,198,192.75,198,16508
10/31/2023,193.0500031,193.0500031,199.8000031,190.75,194.1999969,41596
11/1/2023,191.1000061,191.1000061,196.1000061,190,193,18657
11/2/2023,192.8999939,192.8999939,195.25,191,191,14883
11/3/2023,203.5,203.5,205.8500061,191.5,194.8999939,39977
11/6/2023,201.3500061,201.3500061,205,198.0500031,204.5500031,27559
11/7/2023,218.3500061,218.3500061,222.6999969,201.0500031,204.1499939,414078
11/8/2023,225.8000031,225.8000031,231.9499969,221,225,322996
11/9/2023,221.3999939,221.3999939,228.8999939,217.0500031,226.5,141243
11/10/2023,212.3500061,212.3500061,223.8999939,210.75,219,78952
11/13/2023,213.5500031,213.5500031,217.5,211.3000031,217.4499969,34787
11/15/2023,220.1999969,220.1999969,222,215,217.3500061,61682
11/16/2023,217.1499939,217.1499939,224.8000031,215.5,224.8000031,49914
11/17/2023,214.1999969,214.1999969,219.6999969,212.8500061,219.3000031,30873
11/20/2023,214,214,218.0500031,213.0500031,218.0500031,18111
11/21/2023,212.1999969,212.1999969,216.25,211,216,24876
11/22/2023,211.25,211.25,213.75,210.1999969,210.1999969,15849
11/23/2023,211.0500031,211.0500031,216.75,210.3999939,213.3999939,33720
11/24/2023,208.5,208.5,213.1499939,207.8500061,213.1499939,23117
11/28/2023,205.1000061,205.1000061,212.3500061,204.5,206.6499939,59412
11/29/2023,205.8500061,205.8500061,208.5,205.0500031,205.25,15941
11/30/2023,223.1499939,223.1499939,227.4499969,203.75,207.6999969,298252
12/1/2023,220.8999939,220.8999939,227,219,226.8000031,61372
12/4/2023,218.9499969,218.9499969,224.4499969,217.0500031,224.4499969,30620
12/5/2023,221.4499969,221.4499969,224.8000031,216.4499969,220.5,58675
12/6/2023,226.8500061,226.8500061,230,218.5500031,223.6499939,125279
12/7/2023,222.6499939,222.6499939,226.9499969,220.0500031,226.8500061,38040
12/8/2023,223.6499939,223.6499939,227.8999939,221.3000031,222.6000061,43415
12/11/2023,227.1499939,227.1499939,227.8000031,222.25,225.6000061,28297
12/12/2023,226.1499939,226.1499939,230.8999939,218.1499939,230,40651
12/13/2023,223.1499939,223.1499939,226.1999969,222.25,222.75,18567
12/14/2023,222.6999969,222.6999969,226.25,221.5,224.6999969,17757
12/15/2023,222.0500031,222.0500031,226.0500031,220,226.0500031,18798
12/18/2023,219.8999939,219.8999939,223.1999969,218.9499969,222.0500031,33251
12/19/2023,217.5500031,217.5500031,221.6499939,216.3500061,219.8500061,39545
12/20/2023,196.75,196.75,219.9499969,188.5500031,219.5500031,72841
12/21/2023,214.1999969,214.1999969,225,196.25,196.3000031,368038
12/22/2023,211.6499939,211.6499939,216.3999939,209.75,216,38529
12/26/2023,213.8999939,213.8999939,214.8999939,210.4499969,211.6499939,18545
12/27/2023,213.6999969,213.6999969,221.5,210.6999969,210.6999969,46838
12/28/2023,211.8500061,211.8500061,217.4499969,211.3000031,214.9499969,26320
12/29/2023,212.5,212.5,214,208.8000031,212,23299
1/1/2024,212.1000061,212.1000061,214.8000031,211.5500031,212.5,15945
1/2/2024,211.5,211.5,213.6999969,210.5500031,213.6000061,15371
1/3/2024,214.1999969,214.1999969,217.6000061,212,213.5,34323
1/4/2024,221.3999939,221.3999939,224,214.6000061,216.6499939,82487
1/5/2024,214.0500031,214.0500031,224.3500061,211,223,71688
1/8/2024,209.25,209.25,216.5500031,208.0500031,216.0500031,27751
1/9/2024,211.8999939,211.8999939,214.1999969,208,212.9499969,26591
1/10/2024,217.6499939,217.6499939,221.3999939,214,215.3500061,61847
1/11/2024,213.6000061,213.6000061,218.8000031,213,214.3999939,27330
1/12/2024,213.1999969,213.1999969,217,212.0500031,214,26992
1/15/2024,212.25,212.25,216.3999939,211.3000031,216.3999939,23811
1/16/2024,215.1499939,215.1499939,221.3999939,211,211.5,61853
1/17/2024,213.0500031,213.0500031,216.8999939,211.1999969,214,14676
1/18/2024,210.8500061,210.8500061,215.9499969,205.1000061,211,21175
1/19/2024,213.9499969,213.9499969,217.4499969,211.5500031,214.3000031,26566
1/23/2024,208.6999969,208.6999969,214.75,208,214,18455
1/24/2024,210.8999939,210.8999939,213.1999969,207.9499969,212.1499939,10607
1/25/2024,212.1000061,212.1000061,213.75,210.1499939,210.1499939,15561
1/29/2024,219.8500061,219.8500061,223.3000031,212.5500031,212.5500031,73235
1/30/2024,216.6999969,216.6999969,222.6999969,215.8999939,220.6000061,39270
1/31/2024,217.1999969,217.1999969,218.6000061,216.1000061,217.1499939,21130
2/1/2024,224.6000061,224.6000061,229.5,215.5500031,218.5500031,175966
2/2/2024,227.9499969,227.9499969,231.9499969,224.8000031,226.9499969,73387
2/5/2024,218.8000031,218.8000031,230.1000061,215.6000061,230,72854
2/6/2024,220.8999939,220.8999939,223.8500061,217.8000031,222.1000061,25175
2/7/2024,221.8500061,221.8500061,228.1999969,218,222,46285
2/8/2024,222.8000031,222.8000031,225.5,220.8000031,225.1999969,40264
2/9/2024,218.3000031,218.3000031,225,212,225,43473
2/12/2024,218.5,218.5,225,208.25,222.0500031,81962
2/13/2024,213.0500031,213.0500031,220.4499969,212,218,22760
2/14/2024,210.8999939,210.8999939,214.5500031,207.3500061,207.3500061,21766
2/15/2024,216.25,216.25,217.9499969,210.8999939,210.8999939,18075
2/16/2024,215.25,215.25,218.5,214.1999969,214.1999969,17085
2/19/2024,214.3500061,214.3500061,217.3999939,213.1999969,213.1999969,10888
2/20/2024,218.6499939,218.6499939,220.8999939,213,213,22310
2/21/2024,215.1000061,215.1000061,221,214,219.6999969,19428
2/22/2024,218.9499969,218.9499969,221.6999969,213.5,215.3000031,13696
2/23/2024,216.3500061,216.3500061,221,214.1499939,218.3000031,27032
2/26/2024,216.8999939,216.8999939,218,213.1499939,215.6499939,15033
2/27/2024,212.6999969,212.6999969,219.25,211.8999939,219.25,7870
2/28/2024,205.5,205.5,215,202.6000061,214.6000061,44642
2/29/2024,206.9499969,206.9499969,208.1000061,202.1999969,202.1999969,10885
3/1/2024,211.75,211.75,216,208,210.3999939,31885
3/4/2024,208.25,208.25,211.4499969,207.1000061,211.4499969,9214
3/5/2024,203.25,203.25,210.6999969,201.3999939,210.6000061,17582
3/6/2024,194.8500061,194.8500061,206.3000031,191.6499939,203.0500031,39470
3/7/2024,197.4499969,197.4499969,199.8500061,189.3500061,194.8500061,43257
3/11/2024,198.6499939,198.6499939,199.5500031,195,197,15961
3/12/2024,197.6499939,197.6499939,202,195,198.0500031,16715
3/13/2024,173.25,173.25,197.4499969,168.6000061,197.4499969,47156
3/14/2024,182.1999969,182.1999969,189.1999969,165.8500061,166.6000061,33129
3/15/2024,176.0500031,176.0500031,184.6499939,173,182.25,35358
3/18/2024,180.8000031,180.8000031,186.3999939,176.0500031,176.0500031,24810
3/19/2024,177.1000061,177.1000061,183.6000061,177,181.4499969,23063
3/20/2024,173,173,179.6499939,172.1999969,175.3999939,12239
3/21/2024,176.8500061,176.8500061,179.75,175.6499939,175.75,19717
3/22/2024,179.4499969,179.4499969,180,176.1999969,177.5500031,47594
3/26/2024,174.1499939,174.1499939,179.6999969,173.75,176,43892
3/27/2024,170.3999939,170.3999939,176.0500031,168.3500061,175.8999939,62118
3/28/2024,166.9499969,166.9499969,174.8000031,165.1499939,170.3999939,78508
4/1/2024,178.1000061,178.1000061,179.3000031,166.9499969,167.1999969,21162
4/2/2024,184.6499939,184.6499939,187.0500031,175.5500031,178.8999939,56518
4/3/2024,186.3999939,186.3999939,189.8999939,183.5,184,41848
4/4/2024,182.6499939,182.6499939,186.8999939,181.5,186.3999939,20531
4/5/2024,184.9499969,184.9499969,185.5500031,180.3000031,183.6000061,15101
4/8/2024,190.8500061,190.8500061,193.5,183.3000031,183.3000031,26980
4/9/2024,190.5,190.5,193,187.6000061,190.0500031,18965
4/10/2024,188.8500061,188.8500061,191.3000031,186.1499939,190.4499969,10956
4/12/2024,187.3000031,187.3000031,190.8000031,185.1000061,190.8000031,6777
4/15/2024,182.8999939,182.8999939,190,177.0500031,190,13811
4/16/2024,185.25,185.25,186.4499969,178.3000031,181.1999969,12641
4/18/2024,184.6000061,184.6000061,186.8999939,184,186.1499939,7134
4/19/2024,183.75,183.75,185.3999939,180,182,24583
4/22/2024,183.6999969,183.6999969,187.6999969,182.3000031,184.6999969,14422
4/23/2024,184.0500031,184.0500031,186.6499939,183,183.8000031,8617
4/24/2024,186.5500031,186.5500031,189,183.1999969,183.3500061,10363
4/25/2024,186.3000031,186.3000031,189.6999969,184,187.4499969,12506
4/26/2024,186.1000061,186.1000061,189,185.0500031,185.0500031,11126
4/29/2024,184.8000031,184.8000031,188.8999939,184,186.1000061,9527
4/30/2024,184.3999939,184.3999939,187.75,184,185.1000061,9710
5/2/2024,182.5,182.5,187.3500061,182,187.3500061,8434
5/3/2024,181.25,181.25,184,180,183.1000061,10028
5/6/2024,182.8500061,182.8500061,188.1999969,181.5,182.8000031,29051
5/7/2024,180.6000061,180.6000061,182.8999939,180,182.3000031,6847
5/8/2024,176.75,176.75,182.5,175.6499939,182.3999939,13453
5/9/2024,176.5,176.5,179.1999969,175,176.5,9710
5/10/2024,172.6000061,172.6000061,179.3500061,170.3999939,179.3500061,19584
5/13/2024,172.9499969,172.9499969,178.4499969,170.9499969,173.9499969,8198
5/14/2024,176.4499969,176.4499969,177,174.0500031,175.6999969,3696
5/15/2024,176.8500061,176.8500061,179,176.4499969,177.1999969,2872
5/16/2024,180.6499939,180.6499939,182,176.8999939,176.8999939,7337
5/17/2024,178.3500061,178.3500061,180.3999939,174.25,180.0500031,10446
5/21/2024,179.9499969,179.9499969,181.9499969,177.75,180.5500031,6228
5/22/2024,178.6999969,178.6999969,181.4499969,178,179.9499969,6198
5/23/2024,179.8000031,179.8000031,181.8500061,178.75,179.5500031,7801
5/24/2024,182,182,183.0500031,179.8000031,182.6499939,18189
5/27/2024,181.6999969,181.6999969,184.8999939,179.25,184.8999939,38037
5/28/2024,176.4499969,176.4499969,181.8500061,175.1999969,181.75,10645
5/29/2024,172.75,172.75,179.3000031,170,179.3000031,19156
5/30/2024,172.3999939,172.3999939,175.5,170.75,175.5,6572
5/31/2024,168.9499969,168.9499969,174.1000061,168.8999939,173.3999939,11352
6/3/2024,171.4499969,171.4499969,177.4499969,170,175,17977
6/4/2024,162.3000031,162.3000031,173,154.3000031,170,33867
6/5/2024,165.3000031,165.3000031,166.9499969,154.5,160,25746
6/6/2024,173.8500061,173.8500061,175,166.0500031,168.75,15781
6/7/2024,177.0500031,177.0500031,178,173.5,174.6999969,13135
6/10/2024,187.0200043,187.0200043,189,177.0800018,177.6999969,54723
6/11/2024,193.1199951,193.1199951,194.8000031,189,189.8999939,58699
6/12/2024,193.5399933,193.5399933,198.4400024,192.5500031,195,33322
6/13/2024,199.1399994,199.1399994,200,195.1300049,196.6900024,37203
6/14/2024,199.1999969,199.1999969,204.5,197.3500061,200.1999969,51984
6/18/2024,203.4900055,203.4900055,205.8600006,200.0500031,201,46716
6/19/2024,199.3200073,199.3200073,206.8899994,196.0500031,203.6000061,56704
6/20/2024,195.6699982,195.6699982,202.3000031,194.6600037,202.3000031,38311
6/21/2024,196.4299927,196.4299927,198.8200073,193.8099976,196.6699982,20618
6/24/2024,194.6799927,194.6799927,197.4900055,194.1199951,196.4299927,21619
6/25/2024,194.6000061,194.6000061,198.6100006,193.8500061,194.6600037,20853
6/26/2024,199.8899994,199.8899994,206,194.8800049,195.6000061,70002
6/27/2024,196.4199982,196.4199982,209,195,200.8999939,65914
6/28/2024,201.1000061,201.1000061,204,197.5,197.5,21460
7/1/2024,206.7299957,206.7299957,208,201.9900055,203,62573
7/2/2024,208.3000031,208.3000031,214.6999969,207,209,82990
7/3/2024,207.0599976,207.0599976,209.3899994,204,209.3899994,29341
7/4/2024,202.4900055,202.4900055,209,202,208,37237
7/5/2024,201.6799927,201.6799927,203.3000031,200.3099976,202.6499939,15947
7/8/2024,197.6199951,197.6199951,205,196.5500031,205,14064
7/9/2024,199.4900055,199.4900055,201.1100006,197,197.9900055,11719
7/10/2024,195.2700043,195.2700043,201.5200043,194.3699951,199.8899994,26562
7/11/2024,198.4499969,198.4499969,200.9900055,193.8099976,196.3000031,16514
7/12/2024,197.1499939,197.1499939,199.9900055,195.8500061,199.5,14439
7/15/2024,194.5500031,194.5500031,197.6399994,192.4499969,197.3800049,11270
7/16/2024,195.5500031,195.5500031,198.4499969,192.8000031,197.6999969,19664
7/18/2024,193.8899994,193.8899994,197,190,197,18425
7/19/2024,191.8099976,191.8099976,196.9900055,190.1100006,193.8000031,14304
7/22/2024,191.1600037,191.1600037,196,190,191,8174
7/23/2024,192.9199982,192.9199982,194.8000031,189.5,190.9799957,15743
7/24/2024,194.2299957,194.2299957,199.3999939,193,193.8999939,16422
7/25/2024,203.5899963,203.5899963,205,194.4199982,195.3000031,51923
7/26/2024,198.0700073,198.0700073,204.6399994,195.4600067,202.9900055,45846
7/29/2024,201.1300049,201.1300049,202.8500061,198.7200012,202.8500061,14361
7/30/2024,198.6799927,198.6799927,208.4100037,196.25,204.3800049,40638
7/31/2024,203.7899933,203.7899933,204.5899963,198.1600037,199.6999969,38531
8/1/2024,199.4100037,199.4100037,205.0700073,199,204.8999939,17471
8/2/2024,193.6199951,193.6199951,198.7899933,192.8999939,193,26933
8/5/2024,190.0599976,190.0599976,193.5,187,193.5,19005
8/6/2024,188.75,188.75,195.6900024,188,191.1000061,23767
8/7/2024,192.2100067,192.2100067,194.2400055,186.5099945,189.5399933,12307
8/8/2024,189.3200073,189.3200073,192.1699982,188,188,19204
8/9/2024,186.4100037,186.4100037,190.7899933,185.5,190.2400055,14364
8/12/2024,186.1300049,186.1300049,189.3000031,185.3999939,186.4100037,8666
8/13/2024,182.4700012,182.4700012,188.1000061,180.8000031,186.1999969,7782
8/14/2024,183.0500031,183.0500031,190,179.9199982,183,18353
8/16/2024,185.6199951,185.6199951,185.8999939,182.5,184,12009
8/19/2024,184.5700073,184.5700073,186.8000031,183,185.8000031,9760
8/20/2024,187.8899994,187.8899994,189,184.3600006,185.25,21862
8/21/2024,189.8800049,189.8800049,191.8899994,186.7700043,187.9299927,24162
8/22/2024,189.7400055,189.7400055,193.1799927,188.8000031,190.8999939,19756
8/23/2024,192.3099976,192.3099976,196,189.7899933,190.6999969,21578
8/26/2024,190.3200073,190.3200073,195.3000031,189.8000031,192.3099976,10714
8/27/2024,191.1199951,191.1199951,193.3200073,190.0099945,191.3000031,11022
8/28/2024,187.8300018,187.8300018,193.3000031,187,191.3899994,18995
8/29/2024,185.5800018,185.5800018,190.5500031,185,187.8200073,11196
8/30/2024,184.3099976,184.3099976,188.4799957,184,186.6000061,9890
9/2/2024,186.0599976,186.0599976,188.5899963,185,185.3000031,8899
9/3/2024,186.1300049,186.1300049,188,185.3000031,186.9499969,11825
9/4/2024,182.5099945,182.5099945,188,181.5,188,19123
9/5/2024,184.3200073,184.3200073,191.6600037,182.8500061,183.3000031,41662
9/6/2024,183.0200043,183.0200043,187.1900024,181.3999939,187,11936
9/9/2024,181.8699951,181.8699951,185.7700043,180,182,15717
9/10/2024,182.2200012,182.2200012,184.4600067,181,181.9700012,21510
9/11/2024,180.8300018,180.8300018,184,177.1999969,181,27621
9/12/2024,176.6799927,176.6799927,182.6000061,175.3500061,181.8000031,23961
9/13/2024,179.7100067,179.7100067,182,177.2899933,178.9900055,11657
9/16/2024,179.0599976,179.0599976,182.6100006,177.5700073,179,11572
9/17/2024,178.0700073,178.0700073,180.4299927,176.8500061,179.9900055,11660
9/18/2024,170.7599945,170.7599945,180.3899994,167.8200073,179,34763
9/19/2024,175,175,179,172.5299988,179,19583
9/20/2024,171.9799957,171.9799957,181.8500061,171,175.0599976,20831
9/23/2024,173.5399933,173.5399933,175.5,170.8200073,172.5599976,17469
9/24/2024,173.5,173.5,178.8899994,173,173.5399933,14796
9/25/2024,170.9799957,170.9799957,175.1699982,170.5,173.5,21594
9/26/2024,179.1100006,179.1100006,180,170.9799957,171.8500061,26530
9/27/2024,179.7100067,179.7100067,181.5899963,176.4299927,179.8699951,22495
9/30/2024,178.5800018,178.5800018,184.5,177.25,179.7100067,21497
10/1/2024,184.4700012,184.4700012,185,175.8000031,175.8000031,16515
10/3/2024,182.0700073,182.0700073,187.3500061,178.3800049,184.4700012,44614
10/4/2024,186.0299988,186.0299988,189,179,180.3999939,27660
10/7/2024,178.4199982,178.4199982,189.4900055,175.5,186.0299988,28063
10/8/2024,180.9199982,180.9199982,187.0399933,177.0099945,178.5,45209
10/9/2024,181.1199951,181.1199951,184.8000031,180,182.1999969,22931
10/10/2024,178.1499939,178.1499939,182.6100006,177.1000061,181.1100006,17311
10/11/2024,175.8899994,175.8899994,180.9499969,173.4100037,179.1000061,14694
10/14/2024,176.7299957,176.7299957,179.8500061,175.25,176.8000031,11822
10/15/2024,175.0099945,175.0099945,179.5,174.0500031,176.6699982,9722
10/16/2024,177.6699982,177.6699982,179.5899963,175,175.0099945,5049
10/17/2024,176.5899963,176.5899963,179.5,175.3099976,178.6000061,6023
10/18/2024,175.0399933,175.0399933,178.7100067,173.7100067,175.3000031,7690
10/21/2024,172.0299988,172.0299988,176,171,175.0099945,7776
10/22/2024,164.1399994,164.1399994,176.0899963,162,172.8999939,33504
10/23/2024,164.0500031,164.0500031,170,161.3500061,167.8500061,11759
10/24/2024,169.0700073,169.0700073,170.3600006,160.5,163.0599976,18113
10/25/2024,166.3000031,166.3000031,168.5899963,162.9199982,167.7200012,7921
10/28/2024,166.3699951,166.3699951,173.9199982,159.3399963,160,13090
10/29/2024,165.0399933,165.0399933,168.8200073,163.8399963,166.8899994,6411
10/30/2024,171.4900055,171.4900055,171.9799957,165.1000061,166.8600006,5864
10/31/2024,170.2200012,170.2200012,171.9600067,167.0700073,169.5800018,2396
11/1/2024,171.9499969,171.9499969,174,168,168,5836
11/4/2024,166.2100067,166.2100067,172.0299988,165.8500061,172.0299988,8995
11/5/2024,168.4299927,168.4299927,168.9499969,166.8200073,168.75,5774
11/6/2024,168.1000061,168.1000061,169.9900055,165,168.8899994,5704
11/7/2024,164.9299927,164.9299927,169.5899963,162.1100006,169.5299988,25561
11/8/2024,164.1799927,164.1799927,167,163,164.1000061,3477
11/11/2024,163.6999969,163.6999969,167,161.8999939,163.4700012,3732
11/12/2024,162.6300049,162.6300049,166.2200012,160.5099945,164.5299988,10343
11/13/2024,155.3899994,155.3899994,165.1499939,155,165.1499939,18238
11/14/2024,155.9100037,155.9100037,157.4900055,152,155.3099976,12758
11/18/2024,157.6100006,157.6100006,162.5,150.5,159.75,19945
11/19/2024,160.4600067,160.4600067,163.1399994,156.6799927,160.7599945,8753
11/21/2024,154.1900024,154.1900024,161.1799927,151.5200043,161.1000061,9014
11/22/2024,154.3899994,154.3899994,156.8000031,152,156.8000031,5848
11/25/2024,159.3300018,159.3300018,161,153.7400055,156.8000031,9190
11/26/2024,157.2400055,157.2400055,160.7899933,155.0099945,160.6199951,4913
11/27/2024,157.2200012,157.2200012,162.3999939,154.8999939,159.6499939,9785
11/28/2024,159.9100037,159.9100037,161,157.1900024,157.6799927,5132
11/29/2024,161.1300049,161.1300049,163,157.6000061,159.3000031,4016
12/2/2024,159.6499939,159.6499939,162.1600037,157.2299957,158.5,7998
12/3/2024,163.2400055,163.2400055,164,157.6999969,157.6999969,15027
12/4/2024,171.4700012,171.4700012,174.2100067,161,163.2400055,54052
12/5/2024,176.0099945,176.0099945,178.0099945,172.8899994,175.0500031,16072
12/6/2024,172.5700073,172.5700073,177.0599976,170.25,175.5,10960
12/9/2024,179.5200043,179.5200043,183.0899963,171.5200043,173,24731
12/10/2024,174.9299927,174.9299927,181.8999939,174,179.8899994,5863
12/11/2024,179.6600037,179.6600037,186.8999939,177.7400055,177.8500061,35011
12/12/2024,177.7400055,177.7400055,182,177.3099976,179.6600037,27703
12/13/2024,173.2700043,173.2700043,178.1900024,169.8300018,178.1399994,9670
